"Transaction Date",c11,,,bc_victoria,,,bc_vancouver,,,ab_calgary,,,ab_edmonton,,,mb_winnipeg,,,on_hamilton,,,on_toronto,,,on_ottawa,,,qc_montreal,,,qc_quebec_city,,,ns_halifax,,
,Index,"SA Index","Sales Pair Count",Index,"SA Index","Sales Pair Count",Index,"SA Index","Sales Pair Count",Index,"SA Index","Sales Pair Count",Index,"SA Index","Sales Pair Count",Index,"SA Index","Sales Pair Count",Index,"SA Index","Sales Pair Count",Index,"SA Index","Sales Pair Count",Index,"SA Index","Sales Pair Count",Index,"SA Index","Sales Pair Count",Index,"SA Index","Sales Pair Count",Index,"SA Index","Sales Pair Count"
Jul-1990,,,,45.97,46.19,198,55.36,55.29,1189,,,,,,,62.65,62.75,792,,,,,,,,,,59.13,59.33,1654,61.71,61.67,261,57.04,56.96,221
Aug-1990,,,,46.19,46.55,267,54.67,54.52,1586,,,,,,,62.56,62.52,809,,,,,,,,,,58.82,59.52,1098,61.79,62.30,180,56.98,56.79,223
Sep-1990,,,,46.30,46.67,210,54.48,54.66,1405,,,,,,,62.19,62.23,638,,,,,,,,,,58.50,59.44,789,61.81,62.53,122,56.86,56.76,139
Oct-1990,,,,45.85,46.40,219,54.21,54.35,1483,,,,,,,61.71,62.01,578,,,,,,,,,,57.78,58.69,928,62.42,63.54,160,56.30,56.44,110
Nov-1990,,,,45.91,46.30,277,55.41,55.71,1833,,,,,,,61.14,61.73,483,,,,,,,,,,57.48,58.40,1054,62.55,63.37,151,55.93,56.49,129
Dec-1990,,,,45.61,46.05,223,54.90,55.30,1887,,,,,,,60.91,61.65,452,,,,,,,,,,57.50,58.40,832,62.71,63.70,75,55.46,56.30,107
Jan-1991,,,,45.79,46.20,98,54.37,54.81,636,,,,,,,60.68,61.54,277,,,,,,,,,,57.52,58.34,701,61.79,62.64,86,56.15,56.92,88
Feb-1991,,,,46.01,46.45,158,52.60,53.21,1003,,,,,,,60.96,61.77,229,,,,,,,,,,57.41,58.31,650,61.65,62.53,92,55.76,56.45,54
Mar-1991,,,,46.19,46.73,287,53.07,53.68,2114,,,,,,,60.94,61.87,320,,,,,,,,,,57.67,57.98,976,61.44,62.43,179,56.29,56.87,83
Apr-1991,,,,46.94,47.29,333,54.05,54.48,2945,,,,,,,61.25,61.97,438,,,,,,,,,,58.23,58.37,1167,62.11,62.67,204,56.14,56.71,99
May-1991,,,,47.58,47.85,486,55.02,55.19,3322,,,,,,,61.21,61.83,487,,,,,,,,,,58.77,58.58,2376,62.16,62.52,539,56.77,57.17,152
Jun-1991,,,,48.64,48.96,437,55.81,55.83,3116,,,,,,,61.48,61.84,590,,,,,,,,,,58.60,58.54,4002,62.37,62.43,871,56.91,57.06,184
Jul-1991,,,,49.56,49.81,423,56.60,56.56,2755,,,,,,,61.72,61.81,872,,,,,,,,,,58.48,58.66,1500,62.49,62.42,347,57.44,57.37,346
Aug-1991,,,,50.08,50.48,407,57.33,57.20,2536,,,,,,,61.88,61.85,801,,,,,,,,,,57.90,58.60,1301,62.05,62.53,301,57.67,57.47,300
Sep-1991,,,,50.55,50.98,330,57.87,58.06,1903,,,,,,,61.91,61.96,625,,,,,,,,,,57.72,58.65,1138,62.14,62.86,198,57.32,57.22,160
Oct-1991,,,,51.00,51.60,300,57.81,57.99,2223,,,,,,,61.57,61.87,524,,,,,,,,,,57.83,58.77,1166,61.65,62.74,230,56.65,56.80,127
Nov-1991,,,,51.90,52.36,384,57.94,58.28,2186,,,,,,,61.15,61.75,392,,,,,,,,,,58.03,58.95,1227,62.25,63.08,232,56.82,57.40,118
Dec-1991,,,,52.57,53.08,298,58.25,58.69,1636,,,,,,,61.70,62.46,335,,,,,,,,,,57.79,58.73,1917,62.34,63.33,265,57.17,58.05,106
Jan-1992,,,,53.31,53.77,308,58.82,59.30,1981,,,,,,,61.39,62.26,263,,,,,,,,,,57.49,58.31,534,62.93,63.84,94,57.49,58.28,123
Feb-1992,,,,53.60,54.09,293,59.31,59.94,2105,,,,,,,61.54,62.36,236,,,,,,,,,,57.70,58.57,755,62.91,63.82,156,57.25,57.95,63
Mar-1992,,,,54.10,54.70,352,59.77,60.38,3081,,,,,,,60.82,61.73,371,,,,,,,,,,58.21,58.51,1956,63.05,64.09,287,57.14,57.74,94
Apr-1992,,,,54.38,54.77,465,60.47,60.86,3726,,,,,,,61.27,61.98,546,,,,,,,,,,58.52,58.65,1711,63.37,63.96,272,57.20,57.76,132
May-1992,,,,54.81,55.14,401,60.99,61.15,3171,,,,,,,61.65,62.25,597,,,,,,,,,,58.39,58.21,2333,63.74,64.09,571,57.63,58.01,194
Jun-1992,,,,54.91,55.28,492,61.50,61.53,3107,,,,,,,62.08,62.43,808,,,,,,,,,,58.15,58.08,4913,64.07,64.10,1239,58.26,58.37,176
Jul-1992,,,,55.38,55.68,438,61.83,61.87,2961,,,,,,,62.53,62.60,971,,,,,,,,,,57.55,57.72,1192,64.06,63.96,396,58.59,58.54,420
Aug-1992,,,,55.67,56.11,430,62.34,62.29,2806,,,,,,,62.75,62.76,883,,,,,,,,,,57.29,57.99,1107,63.61,64.06,306,58.75,58.55,283
Sep-1992,,,,56.29,56.82,436,62.72,62.94,3117,,,,,,,62.75,62.83,874,,,,,,,,,,57.15,58.06,1174,63.37,64.08,251,58.96,58.87,135
Oct-1992,,,,56.55,57.20,465,63.37,63.62,3455,,,,,,,62.75,63.07,640,,,,,,,,,,57.13,58.11,1164,63.08,64.17,311,59.05,59.21,100
Nov-1992,,,,57.14,57.66,491,63.94,64.36,4097,,,,,,,62.56,63.18,661,,,,,,,,,,57.17,58.09,1321,63.22,64.11,262,58.89,59.54,80
Dec-1992,,,,57.69,58.24,278,64.59,65.08,1971,,,,,,,62.40,63.18,506,,,,,,,,,,56.67,57.64,1337,63.33,64.38,280,58.29,59.21,84
Jan-1993,,,,57.91,58.39,242,65.14,65.68,1831,,,,,,,62.43,63.33,262,,,,,,,,,,57.01,57.83,626,63.62,64.60,126,58.52,59.34,77
Feb-1993,,,,58.38,58.89,262,65.55,66.16,1661,,,,,,,62.44,63.27,226,,,,,,,,,,56.93,57.75,683,63.48,64.41,128,58.91,59.62,103
Mar-1993,,,,58.57,59.16,349,66.23,66.79,2769,,,,,,,62.55,63.47,333,,,,,,,,,,57.47,57.76,1127,63.26,64.32,195,59.29,59.90,145
Apr-1993,,,,59.51,59.93,382,66.94,67.24,3389,,,,,,,62.37,63.05,447,,,,,,,,,,57.56,57.68,1620,62.97,63.58,295,59.56,60.06,187
May-1993,,,,60.02,60.39,467,67.43,67.59,3286,,,,,,,62.72,63.28,500,,,,,,,,,,57.90,57.72,2272,63.63,63.95,522,59.23,59.57,275
Jun-1993,,,,60.58,61.03,506,67.89,67.96,3985,,,,,,,63.05,63.37,842,,,,,,,,,,58.04,57.94,4751,64.03,64.01,1187,59.40,59.45,154
Jul-1993,,,,60.43,60.81,472,67.98,68.12,3215,,,,,,,63.46,63.54,935,,,,,,,,,,57.81,57.96,1659,64.46,64.34,464,59.58,59.56,263
Aug-1993,,,,60.00,60.48,452,68.37,68.44,2968,,,,,,,63.53,63.59,1018,,,,,,,,,,57.26,57.94,1210,63.90,64.28,321,60.07,59.92,266
Sep-1993,,,,59.94,60.53,356,68.43,68.69,2796,,,,,,,63.56,63.68,757,,,,,,,,,,56.94,57.83,1199,63.62,64.30,230,60.17,60.13,255
Oct-1993,,,,60.21,60.88,337,68.50,68.81,2663,,,,,,,63.30,63.65,662,,,,,,,,,,56.78,57.82,1093,63.18,64.22,236,60.09,60.29,193
Nov-1993,,,,60.42,60.98,391,68.55,69.03,2723,,,,,,,62.97,63.59,658,,,,,,,,,,57.04,57.99,1206,63.27,64.25,242,59.86,60.57,151
Dec-1993,,,,60.53,61.08,297,68.63,69.14,2076,,,,,,,62.96,63.76,417,,,,,,,,,,57.15,58.16,1135,62.85,63.94,223,59.88,60.86,211
Jan-1994,,,,61.10,61.58,332,68.80,69.37,2648,,,,,,,62.89,63.82,395,,,,,,,,,,57.65,58.48,517,62.46,63.51,86,59.59,60.45,47
Feb-1994,,,,61.66,62.16,411,69.18,69.74,2561,,,,,,,63.24,64.09,341,,,,,,,,,,57.87,58.65,927,61.94,62.86,179,59.80,60.51,98
Mar-1994,,,,62.40,62.97,492,69.64,70.13,3820,,,,,,,63.35,64.26,555,,,,,,,,,,58.31,58.63,1517,62.71,63.76,232,59.64,60.21,118
Apr-1994,,,,62.46,62.91,541,70.05,70.27,4545,,,,,,,63.74,64.37,681,,,,,,,,,,58.45,58.55,1778,63.50,64.13,333,60.04,60.43,123
May-1994,,,,62.54,62.98,533,70.29,70.44,5204,,,,,,,63.97,64.47,963,,,,,,,,,,58.61,58.40,3158,64.43,64.71,669,60.37,60.63,186
Jun-1994,,,,62.44,62.94,385,70.45,70.58,3447,,,,,,,64.08,64.37,1085,,,,,,,,,,58.24,58.15,5609,64.15,64.09,1295,61.02,61.03,389
Jul-1994,,,,62.31,62.73,364,70.60,70.80,2687,,,,,,,64.22,64.34,874,,,,,,,,,,57.85,58.00,1788,64.18,64.04,430,60.97,60.98,266
Aug-1994,,,,62.50,62.99,365,70.71,70.88,2871,,,,,,,64.10,64.22,1204,,,,,,,,,,57.25,57.91,1113,63.71,64.06,298,61.27,61.20,297
Sep-1994,,,,62.17,62.81,349,70.72,71.01,2326,,,,,,,64.02,64.19,913,,,,,,,,,,57.08,57.94,955,62.80,63.45,336,61.16,61.21,246
Oct-1994,,,,62.06,62.74,317,71.03,71.37,2489,,,,,,,63.75,64.12,731,,,,,,,,,,56.62,57.69,933,62.32,63.28,211,60.76,61.03,140
Nov-1994,,,,61.29,61.87,323,70.95,71.44,2873,,,,,,,63.57,64.18,615,,,,,,,,,,56.56,57.53,1039,61.89,62.92,222,60.11,60.85,116
Dec-1994,,,,61.67,62.24,260,71.13,71.60,2071,,,,,,,63.38,64.17,448,,,,,,,,,,56.25,57.23,1143,62.61,63.73,213,59.76,60.73,189
Jan-1995,,,,61.49,61.93,317,70.91,71.48,2566,,,,,,,63.14,64.08,326,,,,,,,,,,56.41,57.23,669,62.20,63.32,140,60.14,61.02,63
Feb-1995,,,,61.68,62.15,224,70.96,71.51,2047,,,,,,,63.21,64.08,347,,,,,,,,,,56.41,57.14,868,62.27,63.20,145,60.08,60.78,93
Mar-1995,,,,60.79,61.28,219,70.92,71.37,2125,,,,,,,63.03,63.92,478,,,,,,,,,,56.82,57.18,1137,62.00,63.03,227,60.08,60.57,123
Apr-1995,,,,60.43,60.90,200,70.90,71.11,1962,,,,,,,63.35,63.94,479,,,,,,,,,,56.99,57.09,1176,62.35,62.97,220,60.29,60.57,82
May-1995,,,,59.93,60.39,263,70.70,70.87,2371,,,,,,,63.33,63.79,700,,,,,,,,,,57.33,57.12,2520,63.04,63.25,536,60.56,60.72,129
Jun-1995,,,,59.98,60.50,325,70.42,70.61,2753,,,,,,,63.66,63.92,882,,,,,,,,,,57.20,57.13,3929,63.38,63.31,1030,60.91,60.88,265
Jul-1995,,,,59.85,60.28,396,70.02,70.22,2540,,,,,,,63.62,63.78,911,,,,,,,,,,56.93,57.08,1400,63.26,63.15,418,60.78,60.81,377
Aug-1995,,,,60.20,60.64,434,70.05,70.24,3159,,,,,,,63.60,63.75,1159,,,,,,,,,,56.37,56.99,1111,62.62,62.96,283,60.82,60.88,548
Sep-1995,,,,59.87,60.46,444,69.98,70.25,2855,,,,,,,63.54,63.74,805,,,,,,,,,,56.02,56.87,1074,62.50,63.12,250,60.55,60.71,201
Oct-1995,,,,59.53,60.18,365,69.92,70.23,2517,,,,,,,63.41,63.78,781,,,,,,,,,,55.75,56.79,1009,62.30,63.20,272,60.29,60.66,134
Nov-1995,,,,60.19,60.77,307,69.91,70.38,2667,,,,,,,63.28,63.85,615,,,,,,,,,,55.72,56.66,1031,61.98,63.06,237,59.29,60.02,179
Dec-1995,,,,60.29,60.85,296,69.64,70.09,2131,,,,,,,62.93,63.68,418,,,,,,,,,,55.62,56.52,1020,61.83,62.96,261,59.05,59.98,114
Jan-1996,,,,60.47,60.87,269,69.52,70.09,2089,,,,,,,62.84,63.77,305,,,,,,,,,,55.57,56.36,771,61.77,62.94,150,59.06,59.91,105
Feb-1996,,,,59.65,60.08,316,69.33,69.87,2153,,,,,,,62.82,63.72,287,,,,,,,,,,55.64,56.34,856,62.25,63.20,191,59.94,60.61,142
Mar-1996,,,,59.87,60.34,373,69.51,69.97,2946,,,,,,,63.11,63.99,377,,,,,,,,,,55.81,56.25,1113,61.93,62.92,244,60.62,61.01,177
Apr-1996,,,,59.57,60.07,460,69.78,70.02,3488,,,,,,,63.20,63.81,534,,,,,,,,,,56.31,56.44,1844,62.22,62.80,360,61.00,61.21,224
May-1996,,,,59.82,60.35,460,69.88,70.06,3719,,,,,,,63.38,63.82,693,,,,,,,,,,56.69,56.53,4093,62.54,62.67,921,61.18,61.26,365
Jun-1996,,,,59.49,59.99,404,69.98,70.18,3205,,,,,,,63.44,63.71,894,,,,,,,,,,56.80,56.78,4753,62.94,62.91,1078,60.85,60.83,262
Jul-1996,,,,59.86,60.30,477,70.01,70.18,3177,,,,,,,63.42,63.62,1078,,,,,,,,,,56.46,56.66,1611,62.87,62.83,462,60.61,60.67,209
Aug-1996,,,,59.75,60.15,485,70.07,70.22,3058,,,,,,,63.50,63.64,944,,,,,,,,,,55.94,56.52,1191,62.83,63.21,328,60.18,60.35,176
Sep-1996,,,,60.03,60.59,391,69.87,70.12,2706,,,,,,,63.32,63.52,724,,,,,,,,,,55.54,56.35,1037,62.42,63.03,248,60.26,60.54,161
Oct-1996,,,,60.01,60.66,395,69.80,70.09,3208,,,,,,,63.48,63.81,698,,,,,,,,,,55.47,56.43,1176,62.04,62.88,276,60.35,60.83,236
Nov-1996,,,,60.03,60.61,488,69.71,70.17,3622,,,,,,,63.33,63.87,601,,,,,,,,,,55.51,56.39,1311,61.38,62.46,275,60.67,61.41,233
Dec-1996,,,,59.99,60.57,312,69.92,70.38,2747,,,,,,,63.44,64.16,582,,,,,,,,,,55.82,56.61,1376,61.42,62.51,208,60.68,61.57,152
Jan-1997,,,,60.25,60.63,496,69.78,70.39,3521,,,,,,,63.26,64.20,502,,,,,,,,,,55.95,56.69,1089,61.45,62.63,186,60.84,61.67,115
Feb-1997,,,,60.59,61.04,316,69.91,70.47,3010,,,,,,,63.16,64.12,440,,,,,,,,,,56.21,56.91,1169,61.81,62.76,214,60.98,61.62,183
Mar-1997,,,,60.55,61.02,345,69.92,70.41,3154,,,,,,,63.34,64.24,528,,,,,,,,,,56.50,57.03,1221,62.26,63.21,227,61.44,61.74,205
Apr-1997,,,,60.58,61.15,440,70.18,70.46,3846,,,,,,,63.63,64.30,798,,,,,,,,,,56.87,57.10,2387,62.72,63.27,427,61.55,61.71,250
May-1997,,,,60.33,60.89,549,70.35,70.55,3975,,,,,,,64.10,64.57,750,,,,,,,,,,57.10,57.07,4731,63.08,63.19,1095,61.85,61.89,449
Jun-1997,,,,60.74,61.24,505,70.32,70.51,3568,,,,,,,64.29,64.60,942,,,,,,,,,,56.90,56.96,6350,63.10,63.16,1487,61.90,61.90,330
Jul-1997,,,,60.92,61.35,533,70.42,70.55,3357,,,,,,,64.43,64.60,1184,,,,,,,,,,56.57,56.82,2029,63.23,63.32,498,62.17,62.26,264
Aug-1997,,,,60.96,61.33,519,70.29,70.40,3368,,,,,,,64.50,64.59,1124,,,,,,,,,,56.10,56.61,1357,62.51,62.92,341,62.06,62.34,212
Sep-1997,,,,60.67,61.18,380,70.50,70.71,2637,,,,,,,64.38,64.55,1004,,,,,,,,,,56.15,56.90,1161,62.32,62.90,300,61.87,62.28,171
Oct-1997,,,,60.29,60.94,438,70.29,70.55,3106,,,,,,,64.29,64.58,854,,,,,,,,,,56.16,57.01,1349,62.18,62.96,274,62.19,62.77,243
Nov-1997,,,,60.36,60.94,358,69.88,70.33,3046,,,,,,,64.05,64.55,603,,,,,,,,,,56.60,57.40,1100,62.94,64.03,279,62.19,62.91,165
Dec-1997,,,,60.32,60.90,304,69.58,70.08,2461,,,,,,,63.88,64.58,502,,,,,,,,,,56.59,57.28,1351,62.72,63.78,276,62.17,63.00,109
Jan-1998,,,,60.96,61.36,341,69.27,69.92,2437,,,,,,,63.54,64.53,414,,,,,,,,,,56.75,57.45,837,62.65,63.83,146,61.82,62.58,147
Feb-1998,,,,60.75,61.22,318,69.36,69.96,2282,,,,,,,63.77,64.80,414,,,,,,,,,,56.65,57.38,958,61.85,62.82,165,62.27,62.86,157
Mar-1998,,,,61.05,61.58,338,69.25,69.77,2334,,,,,,,63.94,64.88,537,,,,,,,,,,56.90,57.55,1265,62.29,63.17,239,62.89,63.11,203
Apr-1998,,,,60.42,61.02,381,69.10,69.42,2482,,,,,,,64.19,64.91,541,,,,,,,,,,57.27,57.66,2029,62.60,63.09,360,63.15,63.29,367
May-1998,,,,60.62,61.21,365,68.94,69.14,2449,,,,,,,64.15,64.67,699,,,,,,,,,,57.70,57.87,3813,63.44,63.56,794,63.48,63.54,277
Jun-1998,,,,60.52,60.97,498,68.71,68.84,2997,,,,,,,64.55,64.88,1107,,,,,,,,,,57.99,58.15,6241,63.29,63.50,1524,63.73,63.79,298
Jul-1998,,,,60.85,61.26,491,68.54,68.61,2627,,,,,,,64.91,65.03,1154,68.02,67.69,107,68.38,67.99,537,62.68,62.85,163,57.95,58.22,2144,63.22,63.43,404,63.91,64.05,260
Aug-1998,,,,60.43,60.78,451,68.29,68.34,2521,,,,,,,65.23,65.24,1249,67.81,67.58,102,68.25,68.10,559,62.76,62.87,136,58.00,58.41,1522,62.93,63.36,325,63.87,64.21,221
Sep-1998,,,,59.97,60.42,439,67.93,68.11,2682,,,,,,,65.25,65.37,1045,68.05,67.99,85,68.17,68.21,428,62.93,62.91,104,57.96,58.57,1452,63.10,63.69,258,63.91,64.42,229
Oct-1998,,,,59.67,60.28,345,67.58,67.84,2395,,,,,,,65.21,65.47,791,67.66,67.82,95,68.09,68.24,468,62.99,63.00,100,58.07,58.78,1537,62.53,63.25,257,63.90,64.53,249
Nov-1998,,,,59.83,60.38,343,67.35,67.79,2100,,,,,,,65.05,65.52,624,67.32,67.89,71,68.13,68.35,448,62.29,62.21,85,58.02,58.75,1403,62.24,63.25,266,64.14,64.85,180
Dec-1998,,,,60.04,60.64,330,66.89,67.38,1975,,,,,,,64.85,65.55,497,67.93,68.25,65,69.27,69.47,420,64.56,64.44,66,58.41,59.05,1430,62.04,62.99,256,64.53,65.30,132
Jan-1999,,,,60.13,60.56,244,66.60,67.25,1862,,,,,,,64.78,65.84,271,68.31,68.74,53,68.91,69.24,316,64.06,64.07,43,58.49,59.21,875,61.87,63.00,156,64.89,65.63,86
Feb-1999,,,,60.07,60.59,289,66.51,67.13,1933,69.40,69.55,497,,,,64.77,65.90,301,69.05,69.57,50,69.07,69.22,301,65.64,65.70,48,58.70,59.51,997,62.21,63.19,160,65.31,65.87,204
Mar-1999,65.63,66.13,7309,60.00,60.59,381,66.66,67.21,2578,69.20,69.26,585,61.92,62.14,544,64.98,66.01,522,68.60,69.05,59,68.29,68.80,429,63.65,63.84,103,58.75,59.55,1598,62.72,63.58,278,65.47,65.66,232
Apr-1999,66.17,66.42,8540,60.21,60.85,390,67.01,67.36,2586,69.16,69.28,511,62.32,62.38,673,65.23,66.01,618,68.62,68.74,74,69.17,69.22,400,64.52,64.71,93,59.19,59.77,2438,63.71,64.21,407,65.97,66.12,350
May-1999,66.72,66.85,11380,60.32,60.89,373,67.06,67.25,2628,69.22,69.28,611,62.72,62.65,800,65.58,66.15,711,68.88,68.65,102,70.53,70.55,477,63.80,63.84,128,59.55,59.91,4324,64.06,64.26,871,66.19,66.32,355
Jun-1999,67.04,66.99,16677,60.66,61.07,563,67.19,67.24,3634,69.60,69.65,678,63.02,62.78,972,65.99,66.30,1108,69.40,69.22,115,70.95,70.64,738,64.29,64.33,208,59.77,60.05,6748,63.82,64.18,1570,66.50,66.63,343
Jul-1999,67.24,67.14,11016,60.45,60.83,501,67.26,67.25,3529,69.95,69.93,777,63.42,63.11,966,66.54,66.59,1373,70.11,69.81,105,71.18,70.81,716,64.17,64.29,195,60.07,60.28,2124,63.75,64.05,442,66.51,66.71,288
Aug-1999,67.15,67.15,9501,60.58,60.92,409,67.37,67.40,3016,70.25,70.28,598,63.57,63.29,932,66.75,66.70,1309,70.24,69.98,119,70.58,70.43,747,64.47,64.56,156,60.29,60.57,1665,63.86,64.27,314,66.47,66.80,236
Sep-1999,67.28,67.41,8319,60.75,61.16,390,67.44,67.61,2678,70.51,70.53,616,63.64,63.56,749,66.77,66.84,999,69.82,69.80,75,70.83,70.85,554,64.41,64.36,151,60.35,60.79,1505,63.84,64.40,289,66.64,67.20,313
Oct-1999,67.43,67.68,7318,60.76,61.33,334,67.55,67.82,2355,70.60,70.83,528,63.85,63.89,740,66.75,66.99,754,69.66,69.79,87,71.01,71.12,502,64.94,64.93,107,60.49,61.05,1453,64.22,64.90,266,66.87,67.54,192
Nov-1999,67.52,67.88,7864,60.67,61.18,441,67.59,68.05,2629,70.83,71.13,539,63.98,64.17,632,66.88,67.31,709,69.45,69.96,94,71.03,71.24,581,65.12,65.01,97,60.74,61.41,1648,64.21,65.19,297,67.50,68.24,197
Dec-1999,67.82,68.22,6200,60.46,61.05,288,67.71,68.24,1904,70.81,71.28,499,64.29,64.48,418,66.83,67.53,579,70.07,70.37,77,71.61,71.84,508,65.25,65.14,106,60.94,61.60,1377,64.72,65.61,288,67.64,68.40,156
Jan-2000,67.94,68.45,4304,60.64,61.12,192,67.70,68.40,1632,71.25,71.50,419,64.38,64.71,117,66.46,67.61,305,70.19,70.68,51,71.76,72.13,367,65.47,65.52,65,60.98,61.81,935,64.49,65.64,130,68.24,68.95,91
Feb-2000,68.30,68.75,5090,61.03,61.64,247,67.70,68.37,1623,71.55,71.74,352,64.79,64.95,459,66.53,67.79,386,70.51,71.07,60,72.50,72.67,307,65.71,65.83,73,60.97,61.93,1150,64.99,66.04,247,68.66,69.20,186
Mar-2000,68.45,69.00,6961,60.91,61.62,251,67.80,68.40,2078,72.21,72.27,526,64.96,65.18,618,66.77,67.93,492,70.73,71.21,75,72.47,72.99,470,66.02,66.26,94,61.29,62.25,1756,65.15,66.04,223,69.33,69.53,378
Apr-2000,68.96,69.24,7484,61.00,61.70,255,67.98,68.39,2037,72.56,72.69,575,65.52,65.58,617,67.55,68.38,572,71.83,71.94,96,73.20,73.22,387,66.72,66.94,104,61.67,62.42,2228,65.41,65.96,354,69.45,69.63,259
May-2000,69.33,69.47,12666,60.84,61.41,353,68.35,68.53,2353,73.09,73.14,622,65.93,65.86,867,67.88,68.50,916,72.70,72.45,100,73.44,73.44,640,67.39,67.44,175,62.21,62.73,5270,65.26,65.55,1072,69.64,69.85,298
Jun-2000,69.80,69.76,16279,61.47,61.84,419,68.70,68.64,2871,73.24,73.30,749,66.53,66.27,946,68.46,68.73,987,73.18,72.98,128,74.00,73.72,812,67.78,67.84,240,62.80,63.17,7045,65.35,65.82,1729,69.86,70.06,353
Jul-2000,70.09,69.98,9335,61.65,61.99,326,68.81,68.70,2369,73.62,73.62,678,66.86,66.53,787,68.82,68.81,1318,72.69,72.45,102,74.34,74.04,722,68.10,68.13,209,63.40,63.47,2049,65.81,66.16,494,70.04,70.29,281
Aug-2000,70.29,70.26,9766,61.91,62.24,362,68.73,68.71,2634,73.61,73.65,687,67.19,66.89,1046,69.09,68.97,1334,73.01,72.75,110,74.63,74.49,863,68.38,68.42,225,63.67,63.83,1842,66.24,66.62,334,70.25,70.54,329
Sep-2000,70.42,70.51,7700,61.83,62.19,326,68.33,68.51,2149,73.84,73.86,626,67.25,67.14,756,69.07,69.08,894,73.19,73.20,110,74.97,74.96,667,69.29,69.18,180,63.82,64.08,1526,66.16,66.71,286,69.99,70.55,180
Oct-2000,70.50,70.71,7478,61.59,62.07,320,68.09,68.39,2125,73.66,73.84,585,67.35,67.39,702,69.05,69.24,835,73.83,73.93,100,75.17,75.23,672,70.08,70.04,143,63.81,64.26,1545,66.20,66.85,270,70.41,71.08,181
Nov-2000,70.64,70.99,7786,61.94,62.37,267,67.96,68.46,2530,73.91,74.21,570,67.53,67.72,694,68.92,69.36,738,73.57,73.98,116,75.46,75.63,628,70.92,70.80,194,63.81,64.50,1606,65.85,66.80,264,70.44,71.22,179
Dec-2000,70.79,71.22,5814,62.09,62.69,184,68.10,68.70,1604,74.15,74.60,430,67.94,68.16,499,68.81,69.55,501,73.76,74.06,92,75.50,75.76,621,71.66,71.58,128,63.94,64.69,1331,65.38,66.20,253,70.63,71.43,171
Jan-2001,71.02,71.61,5174,62.33,62.92,230,68.36,69.15,1821,74.90,75.16,446,68.51,68.88,475,68.46,69.69,359,73.72,74.26,56,75.69,76.09,460,71.80,71.92,91,63.99,65.00,1024,65.85,67.02,114,70.89,71.60,98
Feb-2001,71.28,71.80,5134,62.02,62.81,189,68.34,69.05,1692,75.15,75.38,339,68.82,69.02,506,68.55,69.93,356,73.99,74.59,50,76.12,76.34,444,72.37,72.58,68,64.23,65.33,1166,66.06,67.13,107,71.32,71.87,217
Mar-2001,71.52,72.11,7344,61.75,62.58,292,67.96,68.57,2328,75.51,75.61,578,69.07,69.28,690,69.01,70.30,460,74.48,74.99,93,76.55,77.08,517,72.77,73.07,141,64.47,65.57,1679,67.68,68.64,257,71.93,72.18,309
Apr-2001,71.82,72.11,9121,61.89,62.68,319,68.15,68.57,2776,75.46,75.60,581,69.37,69.43,813,69.76,70.67,612,75.18,75.29,100,76.90,76.89,571,73.20,73.50,123,64.84,65.68,2516,67.57,68.23,371,72.39,72.58,339
May-2001,72.25,72.40,13884,62.08,62.63,410,68.67,68.80,2987,75.74,75.80,660,69.91,69.83,946,70.40,71.08,801,75.76,75.56,102,77.20,77.17,678,73.97,74.04,207,65.41,66.01,5753,67.93,68.34,1012,72.71,72.98,328
Jun-2001,72.81,72.78,18424,62.43,62.74,508,69.44,69.29,3647,76.02,76.10,797,70.56,70.28,1132,70.78,71.01,1075,76.11,75.93,148,77.68,77.47,1020,74.54,74.62,351,66.25,66.67,7494,67.50,68.00,1887,73.15,73.40,365
Jul-2001,73.26,73.14,12192,62.69,62.94,565,69.55,69.35,3680,76.41,76.46,739,71.07,70.72,1048,71.12,71.05,1513,76.38,76.17,168,78.11,77.90,1037,75.57,75.45,305,67.22,67.17,2258,67.78,68.10,598,73.37,73.64,281
Aug-2001,73.64,73.59,12348,63.08,63.36,604,69.58,69.54,3851,76.98,77.01,813,71.60,71.29,1273,71.32,71.11,1331,76.88,76.60,142,78.45,78.31,1263,75.87,75.80,308,67.95,68.04,1980,68.53,68.82,426,73.99,74.23,357
Sep-2001,73.92,73.97,9010,63.60,63.90,404,69.90,70.08,2987,77.36,77.40,725,72.08,71.94,977,71.48,71.40,925,76.66,76.67,102,78.82,78.77,717,76.36,76.16,180,67.89,68.04,1513,68.63,69.15,269,73.97,74.51,211
Oct-2001,74.29,74.45,9454,64.03,64.41,435,70.19,70.48,2976,77.79,77.88,777,72.70,72.72,903,71.51,71.62,931,77.22,77.30,134,79.39,79.38,865,76.47,76.41,193,67.76,68.15,1763,69.23,69.89,310,74.47,75.13,167
Nov-2001,74.51,74.86,9799,64.33,64.70,408,70.34,70.87,3407,77.88,78.15,617,73.31,73.48,881,71.72,72.18,722,77.53,77.85,147,79.69,79.82,767,77.03,76.91,208,67.69,68.42,2140,69.34,70.34,296,74.59,75.42,206
Dec-2001,74.69,75.17,7522,64.45,65.07,269,70.30,71.01,2355,78.17,78.56,525,73.94,74.22,654,71.77,72.59,611,77.95,78.25,100,79.82,80.07,694,77.32,77.34,143,67.89,68.78,1658,70.04,70.92,329,75.11,75.98,184
Jan-2002,74.97,75.64,7926,64.90,65.67,376,70.67,71.63,3501,78.60,78.92,589,74.51,74.92,633,71.62,72.97,378,77.61,78.17,88,80.06,80.46,603,77.73,77.93,110,68.03,69.25,1269,70.39,71.66,172,75.63,76.38,207
Feb-2002,75.56,76.16,7798,65.06,66.07,359,71.28,72.08,3158,79.22,79.52,449,75.53,75.82,657,71.71,73.21,400,77.90,78.53,109,80.81,81.07,587,78.07,78.39,116,68.43,69.68,1561,70.29,71.47,190,76.31,76.93,212
Mar-2002,76.40,77.05,9640,65.75,66.79,404,72.13,72.76,3775,79.98,80.20,639,76.62,76.84,856,72.20,73.64,513,78.63,79.18,99,81.72,82.30,728,78.96,79.32,137,69.23,70.41,1983,70.60,71.64,263,77.25,77.60,243
Apr-2002,77.31,77.63,12925,66.43,67.34,565,72.97,73.39,4505,80.72,80.87,961,77.96,78.00,1001,73.08,74.14,700,79.75,79.90,127,82.73,82.73,807,79.70,80.03,141,70.11,71.01,3287,70.86,71.64,508,77.85,78.07,323
May-2002,78.12,78.25,17375,67.54,68.13,621,73.77,73.85,4844,81.44,81.51,809,79.02,78.92,943,73.85,74.61,820,80.83,80.71,139,83.44,83.39,1033,80.80,80.86,249,70.93,71.54,6361,71.81,72.28,1256,78.15,78.46,300
Jun-2002,78.93,78.91,19332,68.09,68.34,564,74.56,74.33,4591,82.11,82.20,924,80.10,79.81,1205,74.75,75.00,1014,81.56,81.42,185,84.15,84.03,1102,81.52,81.58,289,72.10,72.46,7222,72.83,73.29,1938,78.79,79.06,298
Jul-2002,79.64,79.49,13778,68.51,68.67,579,74.97,74.68,4099,82.61,82.69,947,81.03,80.64,1363,75.67,75.52,1490,82.23,82.04,197,84.59,84.43,1173,82.64,82.42,376,73.71,73.58,2595,74.14,74.40,698,79.69,79.96,261
Aug-2002,80.23,80.14,12396,68.49,68.71,605,75.20,75.10,3967,83.20,83.19,899,81.70,81.34,1362,76.43,76.06,1301,82.75,82.46,180,85.13,84.97,1010,83.52,83.34,346,74.88,74.98,1981,74.82,75.06,380,80.63,80.82,365
Sep-2002,80.57,80.58,9889,68.78,68.97,427,75.10,75.29,3274,83.83,83.85,827,82.29,82.07,1174,76.68,76.46,934,83.20,83.12,134,85.48,85.36,770,84.39,84.12,190,75.25,75.40,1651,75.43,75.97,305,80.83,81.35,203
Oct-2002,80.90,81.03,9644,68.93,69.17,383,75.39,75.67,3438,84.60,84.58,707,82.62,82.61,1030,76.88,76.89,867,83.42,83.45,111,85.81,85.76,684,84.83,84.77,180,75.53,75.98,1755,75.70,76.42,318,80.62,81.27,171
Nov-2002,81.19,81.55,9412,69.73,70.10,430,75.38,75.97,3380,84.93,85.13,768,83.04,83.18,611,76.73,77.23,711,83.84,84.12,133,86.14,86.24,787,85.16,85.07,175,75.88,76.76,1838,76.14,77.27,341,81.10,81.99,238
Dec-2002,81.72,82.24,7561,70.16,70.90,275,75.80,76.59,2367,85.37,85.68,639,83.32,83.65,677,76.86,77.83,558,84.20,84.55,86,86.63,86.83,606,85.74,85.89,137,76.73,77.82,1721,77.74,78.78,367,82.13,83.13,128
Jan-2003,82.10,82.87,7535,70.74,71.78,329,76.05,77.21,3208,85.79,86.23,665,83.81,84.25,707,77.00,78.53,340,85.14,85.71,120,87.00,87.37,532,86.39,86.68,85,76.95,78.46,1302,77.71,79.13,140,83.25,84.13,107
Feb-2003,82.72,83.44,7074,71.02,72.38,336,77.03,77.96,2784,86.30,86.73,531,84.39,84.77,641,77.63,79.30,365,85.49,86.14,75,87.43,87.73,509,86.60,87.01,78,77.96,79.39,1413,78.40,79.75,170,83.90,84.66,172
Mar-2003,83.29,84.08,8632,71.52,72.83,336,77.84,78.59,3372,86.75,87.24,648,85.11,85.37,779,78.12,79.78,477,86.28,86.87,95,87.93,88.64,564,86.88,87.27,99,78.56,79.87,1815,78.28,79.48,216,84.61,85.07,231
Apr-2003,83.96,84.37,10464,72.19,73.25,441,78.65,79.12,3745,87.05,87.30,642,85.68,85.77,826,78.92,80.22,524,86.37,86.63,114,88.50,88.62,625,87.39,87.72,110,79.62,80.55,2789,80.03,81.06,320,85.04,85.30,328
May-2003,84.57,84.71,14186,73.46,74.04,566,79.33,79.38,4161,87.58,87.68,935,86.34,86.28,1022,79.89,80.74,749,86.64,86.66,153,88.88,88.85,749,88.23,88.26,180,80.44,80.98,4523,81.36,81.90,800,85.28,85.62,348
Jun-2003,85.13,85.12,18141,74.89,75.04,633,80.03,79.80,4510,87.90,88.01,1001,86.84,86.62,1101,81.26,81.49,940,86.94,86.88,165,89.08,89.03,966,88.81,88.82,259,81.57,81.81,6566,82.23,82.58,1702,85.53,85.77,298
Jul-2003,85.79,85.62,13499,76.43,76.45,625,80.78,80.43,4620,88.32,88.42,800,87.38,87.01,1150,82.42,82.18,1333,87.64,87.43,176,89.49,89.33,953,89.56,89.31,243,82.56,82.43,2656,83.13,83.33,637,86.25,86.49,306
Aug-2003,86.34,86.16,12960,77.19,77.26,703,81.30,81.10,4907,88.75,88.50,715,87.64,87.21,1157,83.54,83.00,1186,88.27,87.88,178,89.99,89.73,971,89.91,89.62,289,83.34,83.53,2167,83.87,84.03,426,86.85,87.01,261
Sep-2003,86.96,86.90,12047,78.49,78.53,530,82.11,82.22,4708,89.09,88.94,839,87.92,87.59,1235,84.19,83.78,987,88.79,88.60,136,90.52,90.31,889,90.43,90.11,180,84.10,84.39,2036,84.33,84.88,330,87.37,87.86,177
Oct-2003,87.50,87.58,11339,80.05,80.21,525,83.08,83.29,4294,89.58,89.36,754,88.12,88.01,940,84.82,84.75,905,88.96,88.90,159,90.82,90.71,787,90.69,90.60,184,84.88,85.44,2204,84.63,85.43,385,87.48,88.10,202
Nov-2003,87.83,88.19,9776,81.26,81.76,364,83.68,84.27,3840,89.79,89.85,637,88.53,88.58,827,84.77,85.28,698,89.02,89.25,100,90.99,91.05,662,91.17,91.07,168,85.16,86.12,1943,84.94,86.28,357,87.71,88.64,180
Dec-2003,88.20,88.75,8480,81.34,82.27,354,84.31,85.13,2829,90.18,90.44,619,88.74,89.03,725,84.67,85.82,658,89.40,89.70,94,91.40,91.53,645,91.39,91.63,153,85.23,86.55,1917,85.71,87.00,395,87.84,88.97,91
Jan-2004,88.53,89.43,7493,81.49,82.91,322,84.73,86.12,3186,90.33,91.00,702,89.16,89.58,712,84.70,86.51,348,89.93,90.56,96,91.63,92.00,536,91.71,92.12,100,85.81,87.56,1179,86.02,87.61,177,88.26,89.26,135
Feb-2004,89.27,90.15,6640,81.81,83.59,294,86.17,87.34,2737,90.92,91.67,390,89.58,90.03,504,85.38,87.36,358,90.45,91.20,74,92.05,92.45,409,92.33,92.89,72,86.68,88.31,1438,87.07,88.58,175,89.38,90.30,189
Mar-2004,90.09,91.07,9145,83.56,85.23,410,87.63,88.64,3738,91.66,92.54,590,90.46,90.85,728,86.37,88.33,446,91.12,91.87,75,92.26,93.13,575,93.12,93.59,96,87.92,89.32,1952,88.22,89.66,296,90.18,90.78,239
Apr-2004,90.87,91.45,11513,85.20,86.51,536,89.16,89.84,4435,92.23,92.69,626,91.10,91.33,839,87.58,89.14,559,91.81,92.26,133,92.41,92.75,643,93.80,94.09,121,89.03,89.99,2919,89.58,90.87,385,91.64,91.98,317
May-2004,91.87,92.07,13650,87.39,88.05,497,90.64,90.79,4310,92.63,92.80,807,91.68,91.78,1202,88.97,89.92,661,92.51,92.64,134,93.05,93.11,622,94.45,94.45,172,90.64,91.09,4166,91.01,91.59,743,92.40,92.75,336
Jun-2004,92.66,92.65,18474,89.32,89.39,607,91.97,91.80,5134,93.04,93.12,839,92.29,92.18,1259,90.40,90.58,940,93.23,93.21,163,93.38,93.38,890,94.97,94.97,260,91.81,91.90,6506,92.16,92.32,1637,93.18,93.32,239
Jul-2004,93.42,93.17,12471,90.03,89.95,577,92.84,92.40,4427,93.43,93.46,643,93.03,92.73,1164,92.09,91.74,1196,93.72,93.43,151,94.15,93.87,870,95.55,95.26,243,92.57,92.45,2381,93.34,93.51,578,93.56,93.76,241
Aug-2004,93.73,93.36,11474,90.69,90.61,528,93.08,92.65,3946,93.91,93.23,736,93.85,93.29,1362,93.11,92.35,1204,94.57,93.96,155,94.42,93.92,810,96.09,95.63,216,92.44,92.71,1889,93.38,93.47,411,93.73,93.88,217
Sep-2004,93.94,93.76,9769,90.98,90.82,456,92.74,92.66,3227,94.17,93.66,812,94.27,93.74,1043,93.54,92.89,1096,94.48,94.19,122,94.94,94.55,576,96.44,96.05,142,92.62,93.10,1781,92.99,93.52,318,93.90,94.33,196
Oct-2004,94.29,94.28,8530,91.87,91.90,393,93.04,93.08,2900,94.84,94.32,587,94.45,94.06,872,93.51,93.40,803,95.21,94.98,93,95.28,95.09,516,96.65,96.50,116,92.88,93.60,1732,93.31,94.19,351,94.00,94.55,167
Nov-2004,94.61,94.89,8667,92.07,92.72,368,93.10,93.58,2980,95.45,95.28,605,94.69,94.57,769,93.64,94.16,790,95.14,95.23,89,95.62,95.62,501,96.93,96.73,106,93.47,94.48,1935,93.28,94.81,383,95.11,96.06,141
Dec-2004,95.22,95.78,6790,92.85,94.00,312,93.90,94.70,2054,96.17,96.40,549,95.11,95.25,671,93.97,95.32,577,95.59,95.81,74,96.10,96.20,421,97.48,97.69,108,94.19,95.68,1663,93.94,95.54,290,95.81,97.15,71
Jan-2005,95.37,96.40,5798,93.40,95.25,270,93.81,95.39,2487,96.17,97.21,505,95.62,96.04,537,94.06,96.19,326,95.35,96.15,50,96.27,96.64,326,98.15,98.75,57,94.51,96.40,1028,93.18,94.87,141,96.09,97.30,71
Feb-2005,96.06,97.20,5672,95.02,97.25,280,94.60,96.02,2255,96.70,97.96,420,96.40,96.97,532,94.62,97.00,335,96.09,97.08,60,96.78,97.40,230,98.63,99.47,70,95.45,97.30,1208,94.35,95.98,168,96.17,97.33,114
Mar-2005,96.50,97.78,7671,96.32,98.36,324,95.22,96.61,3070,97.12,98.55,629,97.03,97.76,731,95.11,97.45,419,96.90,97.96,42,96.70,97.83,315,99.31,100.01,83,96.29,97.84,1660,96.07,97.73,228,96.81,97.55,170
Apr-2005,97.81,98.66,9634,98.73,100.32,495,96.90,97.91,3672,98.40,99.28,674,98.00,98.58,883,96.18,97.98,491,97.58,98.36,73,97.85,98.53,354,99.75,100.13,111,97.78,98.81,2296,98.24,99.79,326,97.81,98.22,259
May-2005,99.05,99.37,14487,101.46,102.21,511,99.04,99.40,3885,99.62,99.92,679,98.98,99.33,939,98.26,99.27,639,98.72,98.96,333,98.80,99.03,2281,100.11,100.10,351,98.73,99.10,3867,98.68,99.39,721,98.55,98.90,281
Jun-2005,100.00,100.00,21602,100.00,100.00,580,100.00,100.00,4785,100.00,100.00,692,100.00,100.00,967,100.00,100.00,860,100.00,100.00,704,100.00,100.00,4519,100.00,100.00,957,100.00,100.00,5775,100.00,100.00,1466,100.00,100.00,297
Jul-2005,100.19,99.84,16507,102.74,102.60,498,101.36,100.93,4290,100.36,100.20,810,99.64,99.31,1140,99.88,99.46,1198,99.20,98.68,614,99.99,99.49,4240,100.02,99.61,944,99.36,99.32,2082,98.42,98.56,481,99.02,99.16,210
Aug-2005,101.56,100.91,17073,106.65,106.37,583,102.89,102.22,4430,102.96,101.66,725,102.10,101.27,1351,102.73,101.84,1096,101.34,100.37,735,101.12,100.24,4704,100.67,99.97,948,99.16,99.50,1886,100.17,100.14,391,100.33,100.49,224
Sep-2005,101.89,101.47,14203,106.87,106.53,473,103.73,103.29,3728,103.58,102.55,812,102.51,101.65,1033,103.01,102.21,924,101.44,100.97,579,101.20,100.54,3662,100.78,100.20,699,99.49,100.07,1794,100.58,101.07,325,99.88,100.25,174
Oct-2005,102.40,102.21,12146,107.52,107.47,345,104.59,104.32,3348,104.52,103.62,598,102.99,102.12,923,103.08,102.92,729,101.93,101.48,482,101.53,101.21,3054,101.14,100.84,536,99.91,100.68,1692,100.82,101.71,289,99.76,100.21,150
Nov-2005,102.93,103.06,12510,107.00,107.83,344,105.51,105.70,3344,105.39,104.98,657,103.68,103.34,871,103.79,104.21,755,102.46,102.30,524,101.94,101.82,3258,101.44,101.06,561,100.40,101.34,1731,100.75,102.38,320,99.73,100.64,145
Dec-2005,103.33,103.92,9614,107.50,108.81,257,106.56,107.39,2219,106.55,106.83,624,104.45,104.49,646,103.45,104.92,521,103.27,103.43,383,102.21,102.31,2741,101.51,101.62,436,99.81,101.42,1384,100.76,102.62,305,99.71,101.22,98
Jan-2006,103.65,104.82,8532,106.09,108.31,284,107.16,109.02,2632,108.45,109.99,613,105.57,106.13,629,103.67,106.13,312,102.89,103.92,366,102.21,102.57,2236,101.16,101.96,286,99.96,101.84,918,102.06,103.82,142,100.98,102.40,114
Feb-2006,104.59,106.10,7676,108.14,110.68,286,108.92,110.74,2241,111.17,113.16,483,107.00,107.89,528,104.39,107.31,293,102.95,104.36,290,102.43,103.38,1805,101.15,102.38,304,100.77,102.83,1134,102.79,104.59,179,101.52,102.97,133
Mar-2006,105.89,107.55,10873,110.30,112.64,367,110.77,112.66,3124,115.18,117.38,684,108.39,109.64,760,106.07,108.88,454,103.11,104.68,389,102.91,104.37,2552,101.86,102.88,481,102.05,103.76,1578,103.32,105.20,274,103.16,104.03,210
Apr-2006,107.43,108.70,10784,114.63,116.55,375,112.55,113.99,3084,119.61,121.12,548,110.40,111.48,708,108.17,110.14,427,104.45,105.61,390,103.66,104.83,2389,102.91,103.57,416,103.21,104.44,1954,103.33,105.12,309,103.59,104.07,184
May-2006,109.16,109.73,16406,116.68,117.63,498,114.80,115.53,3743,125.35,125.92,886,112.78,113.40,1072,109.61,110.67,633,105.81,106.26,532,104.52,105.07,3320,103.80,103.87,619,104.34,104.76,4073,104.73,105.66,775,104.06,104.36,255
Jun-2006,110.74,110.75,20743,117.33,117.41,552,117.27,117.47,4223,130.75,130.54,745,116.46,116.49,1120,111.33,111.17,756,106.63,106.57,686,105.25,105.26,4510,104.15,104.19,1080,104.92,104.91,5431,105.51,105.44,1429,104.06,103.90,211
Jul-2006,113.35,112.81,15755,124.97,124.90,480,121.68,121.23,3791,135.67,134.96,635,117.92,117.38,1165,115.24,114.72,1108,107.89,107.03,646,106.36,105.55,4262,105.78,105.14,1094,107.62,107.61,2011,105.09,105.21,401,106.71,106.79,162
Aug-2006,115.48,114.47,15629,125.87,125.45,484,126.19,125.28,3695,142.70,140.46,647,123.43,122.14,1251,116.11,115.12,1129,108.48,107.09,678,106.89,105.56,4346,106.20,105.13,997,108.03,108.35,1857,107.18,107.05,403,106.64,106.78,142
Sep-2006,116.22,115.44,11632,124.51,124.02,368,127.86,126.95,2746,147.05,145.30,493,129.99,128.50,1079,116.48,115.66,810,107.86,107.09,494,106.38,105.38,3047,105.89,104.97,731,107.74,108.28,1430,107.00,107.42,282,107.50,107.78,152
Oct-2006,116.42,115.94,10705,123.78,123.64,349,128.53,127.81,2494,150.47,149.00,439,136.20,134.43,939,116.38,116.16,714,108.06,107.32,450,104.69,104.16,2826,105.22,104.71,551,108.20,108.96,1504,107.64,108.48,311,109.05,109.44,128
Nov-2006,117.08,117.01,10727,123.36,124.33,302,129.42,129.26,2615,152.28,151.50,338,142.02,141.36,800,116.06,116.43,601,108.20,107.71,461,104.68,104.43,2865,105.57,104.97,571,108.60,109.51,1755,106.55,108.13,329,108.96,109.88,90
Dec-2006,117.11,117.72,8312,123.01,124.39,267,128.76,129.68,1787,153.34,153.63,300,145.91,145.91,539,115.72,117.21,470,107.59,107.80,382,104.38,104.43,2536,105.30,105.30,487,108.81,110.52,1251,107.02,109.07,231,108.66,110.41,62
Jan-2007,117.17,118.50,8344,125.00,127.56,265,128.36,130.57,2128,149.79,152.21,479,149.52,150.60,842,115.70,118.40,393,106.84,108.09,349,104.94,105.18,2280,103.60,104.56,365,109.51,111.38,1003,107.95,109.73,145,108.25,109.97,95
Feb-2007,116.78,118.71,7573,126.25,129.08,231,128.19,130.49,1960,149.53,152.44,412,152.15,153.92,626,116.19,119.62,283,105.63,107.45,303,103.73,105.00,1882,103.20,104.76,327,108.87,111.21,1264,109.28,111.21,179,109.76,111.60,106
Mar-2007,117.98,120.13,10532,127.50,130.20,371,130.04,132.52,2813,150.88,154.02,616,157.38,159.84,668,116.78,120.04,376,106.80,108.87,397,104.04,105.85,2564,104.10,105.52,475,110.20,112.22,1776,109.54,111.58,292,110.40,111.35,184
Apr-2007,120.14,121.88,12099,127.74,129.96,410,132.42,134.25,3174,158.07,160.32,697,162.54,164.62,753,119.88,122.06,466,107.51,109.05,420,104.97,106.65,2633,106.96,108.12,531,111.52,113.09,2370,111.43,113.52,372,111.40,111.89,273
May-2007,122.60,123.47,17162,130.11,131.31,464,134.59,135.62,3852,162.46,163.51,796,169.63,170.65,842,122.71,123.72,657,109.41,110.13,571,106.84,107.80,3416,107.97,108.25,733,113.88,114.43,4610,113.52,114.83,898,112.59,112.82,323
Jun-2007,124.81,124.85,22223,131.92,132.18,647,136.50,136.89,4348,167.22,166.90,753,175.39,175.35,960,126.36,126.08,776,110.84,110.63,661,108.77,108.79,4878,109.05,109.03,1153,114.91,114.90,6209,116.71,116.75,1542,113.68,113.40,296
Jul-2007,126.81,126.09,18011,133.17,133.21,646,138.44,138.09,4391,171.39,169.98,853,181.62,180.34,1004,128.00,127.45,1139,112.79,111.62,782,110.66,109.63,5023,110.42,109.55,1186,115.26,115.26,2304,117.53,117.64,477,113.82,113.83,206
Aug-2007,128.18,126.88,18981,134.93,134.43,684,140.48,139.56,4700,173.72,170.96,713,186.06,183.62,885,129.86,128.98,1183,113.68,111.86,787,111.61,109.87,5622,111.39,109.97,1360,115.45,115.70,2373,118.07,117.80,479,113.51,113.58,195
Sep-2007,129.02,127.95,11866,136.41,135.93,403,141.98,140.80,2978,174.00,171.99,589,187.91,185.33,611,131.39,130.76,845,114.28,113.17,496,112.01,110.66,3144,112.14,110.81,699,116.39,116.82,1665,117.98,118.36,277,114.79,115.07,159
Oct-2007,129.27,128.55,12010,138.30,138.23,413,143.16,142.19,3017,173.26,171.85,519,186.87,183.99,584,133.46,133.27,785,113.33,112.29,442,112.07,111.24,3234,112.20,111.39,672,116.81,117.50,1850,117.07,117.80,342,114.74,115.16,152
Nov-2007,129.60,129.40,12532,138.37,139.44,452,144.04,143.67,3090,172.29,171.58,434,183.20,182.28,545,135.18,135.45,628,113.30,112.64,601,112.88,112.44,3521,112.65,111.89,724,117.36,118.28,2023,117.27,118.81,394,114.53,115.45,120
Dec-2007,129.27,129.85,8488,138.81,140.20,229,143.99,144.89,1840,171.16,171.27,410,180.30,180.49,480,135.84,137.28,534,112.55,112.87,341,113.12,113.04,2600,111.57,111.55,441,116.80,118.64,1296,117.48,119.76,227,113.22,115.09,90
Jan-2008,129.44,130.86,8760,138.67,141.30,303,144.28,146.58,2449,169.04,171.59,395,178.45,180.22,530,135.34,138.33,286,112.47,113.90,367,113.67,113.87,2665,112.21,113.22,372,117.57,119.51,1143,119.75,121.71,150,114.92,116.89,100
Feb-2008,129.19,131.43,7642,139.70,142.50,236,144.67,147.36,2042,167.66,170.54,331,176.65,179.20,461,135.94,139.97,289,112.57,114.86,321,113.15,114.73,1870,111.54,113.45,370,117.59,120.15,1387,121.24,123.36,190,115.37,117.48,145
Mar-2008,129.68,132.19,8811,140.39,143.24,302,146.96,149.79,2375,166.92,170.20,387,175.86,178.93,586,138.09,141.98,330,113.20,115.78,358,113.01,115.25,2118,113.17,115.04,394,118.10,120.38,1585,117.05,119.23,210,117.56,118.64,166
Apr-2008,130.58,132.69,11424,142.01,144.55,365,148.78,150.82,2935,167.83,170.13,490,175.28,177.58,628,141.77,144.27,479,114.69,116.53,427,113.20,115.48,2411,113.03,114.77,558,118.79,120.66,2592,123.54,125.97,312,119.03,119.49,227
May-2008,131.67,132.81,15530,142.99,144.51,454,150.22,151.36,3204,168.37,169.61,445,175.98,176.84,768,145.04,146.03,587,115.23,116.18,538,114.18,115.61,2984,114.56,115.17,813,120.44,121.18,4549,120.40,122.12,916,119.59,119.70,272
Jun-2008,132.70,132.72,18595,143.93,144.48,468,150.49,150.85,3313,168.67,168.46,368,175.52,175.18,592,147.27,147.02,773,117.06,116.59,543,115.52,115.55,3410,115.16,115.05,1052,121.54,121.53,6192,127.86,128.10,1658,120.99,120.60,226
Jul-2008,133.29,132.45,16347,143.46,143.62,577,150.59,150.29,3296,167.96,166.36,617,174.95,173.42,1133,148.38,147.85,1136,118.07,116.74,739,116.83,115.59,4264,116.31,115.17,1267,122.14,122.06,2520,128.47,128.49,574,120.71,120.64,224
Aug-2008,133.51,132.07,14845,143.49,143.01,503,150.10,149.37,2457,165.85,163.50,579,173.39,170.94,1039,149.12,148.43,1067,119.16,117.00,717,117.86,115.71,4409,117.92,116.10,1272,122.30,122.32,2158,130.06,129.69,473,121.25,121.25,171
Sep-2008,132.93,131.82,11238,142.46,142.06,333,149.56,148.50,1986,162.57,161.16,518,171.37,169.00,926,149.05,148.70,928,119.16,117.78,451,117.39,115.78,2966,118.03,116.37,729,122.84,123.20,1893,131.15,131.54,355,121.22,121.56,153
Oct-2008,131.66,130.94,10690,141.87,141.93,299,147.66,146.84,1711,160.89,160.11,378,169.39,166.92,766,149.01,148.97,760,118.87,117.61,495,115.49,114.42,2836,118.68,117.62,798,122.73,123.40,2081,132.16,132.86,452,120.37,120.91,114
Nov-2008,130.16,130.05,8229,140.10,141.12,180,145.73,145.47,1337,159.54,159.17,322,166.06,165.34,531,148.67,148.95,572,118.27,117.54,409,113.55,113.09,2184,117.29,116.51,599,122.64,123.72,1732,133.12,134.67,296,120.04,121.08,67
Dec-2008,128.25,128.78,6358,138.19,139.49,165,141.60,142.36,979,158.00,157.77,212,163.31,163.46,434,147.74,149.11,490,115.75,116.12,294,112.31,112.14,1675,116.62,116.66,445,121.57,123.54,1330,132.61,135.16,273,118.02,119.93,61
Jan-2009,126.17,127.49,4499,134.46,136.72,132,137.70,139.59,944,154.62,156.60,144,159.61,161.49,246,146.28,149.21,246,113.26,114.77,209,110.62,110.83,1214,114.90,115.85,299,122.02,124.10,851,133.42,135.69,159,117.88,119.96,55
Feb-2009,123.97,126.11,4776,132.48,134.87,159,134.95,137.40,1037,154.41,156.42,187,157.33,159.84,323,143.88,147.80,273,111.28,113.77,198,107.46,109.03,1116,114.73,116.71,276,120.50,123.10,961,132.45,134.66,145,117.84,120.11,101
Mar-2009,122.59,125.00,6776,131.89,134.47,232,133.22,135.73,1544,152.62,155.23,262,155.41,158.20,481,144.16,148.03,404,110.22,112.93,250,105.14,107.37,1500,113.85,116.04,379,120.96,123.32,1331,133.01,135.36,232,119.65,120.78,161
Apr-2009,122.20,124.23,9015,129.88,132.20,275,132.92,134.61,2123,151.63,153.56,268,155.01,156.82,532,145.18,147.61,404,110.73,112.60,336,104.58,106.90,1802,114.07,116.09,507,120.85,122.75,2200,132.52,135.15,369,120.18,120.51,199
May-2009,123.08,124.22,12556,131.15,132.76,383,132.73,133.56,2696,148.10,149.38,406,155.04,155.52,657,147.74,148.61,526,111.17,112.10,441,106.55,108.06,2328,115.44,116.37,613,122.94,123.77,3535,133.55,135.73,730,121.34,121.36,241
Jun-2009,124.95,124.90,20194,132.27,133.00,574,134.43,134.51,4049,147.68,147.78,487,155.79,155.20,978,149.05,148.97,809,114.37,113.75,627,109.13,109.08,3723,117.83,117.52,1206,124.75,124.70,5997,136.37,136.87,1446,121.82,121.37,298
Jul-2009,126.79,125.92,18202,134.01,134.10,623,136.59,136.29,4503,149.16,147.70,640,156.58,155.07,1178,150.71,150.40,1071,115.80,114.46,682,111.53,110.25,4590,120.06,118.64,1417,125.54,125.34,2665,138.31,138.18,595,122.14,122.02,238
Aug-2009,129.00,127.57,17132,136.50,136.03,631,138.98,138.47,4680,151.43,149.34,597,158.81,156.48,1219,151.94,151.56,978,117.72,115.47,579,114.48,112.25,4229,121.32,119.25,1179,126.48,126.24,2405,139.87,139.46,441,122.70,122.63,194
Sep-2009,130.52,129.53,14251,138.33,138.09,495,141.87,141.25,3940,153.01,151.84,543,160.69,158.67,930,153.46,153.39,900,116.82,115.39,476,116.35,114.69,3717,122.17,120.35,837,126.17,126.59,1878,139.90,140.39,387,123.28,123.74,148
Oct-2009,132.07,131.51,13358,139.69,139.95,440,144.38,144.07,3719,153.65,153.36,409,162.43,160.54,732,154.33,154.54,691,117.77,116.56,539,118.27,117.09,3377,122.71,121.52,757,126.78,127.55,2083,141.57,142.29,471,123.82,124.52,140
Nov-2009,133.23,133.30,12639,140.92,141.94,440,147.10,147.17,3732,155.06,155.04,411,162.44,161.94,781,156.76,157.13,607,117.64,117.11,437,119.21,118.80,2790,123.33,122.68,715,127.02,128.34,2160,142.04,143.59,448,125.35,126.58,118
Dec-2009,134.63,135.24,10470,143.08,144.42,315,148.93,149.81,2652,157.73,157.45,380,163.20,163.31,585,158.21,159.69,525,118.83,119.19,377,120.64,120.53,2906,123.82,124.08,572,127.74,129.97,1722,143.56,146.30,338,123.56,125.46,98
Jan-2010,135.30,136.70,8966,143.49,145.61,266,150.50,152.28,2923,157.80,159.45,304,162.39,164.42,430,158.75,161.74,313,119.14,120.59,354,121.43,121.89,2387,124.37,125.22,397,128.44,130.82,1317,142.15,144.68,193,122.87,124.98,82
Feb-2010,135.65,137.88,7654,144.41,146.67,244,151.16,153.76,1986,157.11,158.92,302,163.60,166.37,417,157.99,161.70,264,118.74,121.44,294,121.91,123.65,1963,123.04,125.17,389,129.03,131.73,1480,144.40,146.67,194,122.80,125.14,121
Mar-2010,135.97,138.53,11033,143.05,145.74,398,152.14,154.73,2944,156.16,158.66,390,163.99,166.81,640,158.22,162.17,392,119.40,122.30,397,121.82,124.36,2626,123.48,125.98,531,130.02,132.41,2228,146.02,148.38,303,125.40,126.64,184
Apr-2010,137.10,139.28,13371,144.26,146.85,476,153.59,155.32,3286,156.70,158.79,363,166.40,168.02,695,160.57,162.93,464,121.37,123.40,488,122.43,125.12,3021,124.55,126.74,777,131.33,133.19,3060,147.29,150.17,524,127.39,127.69,217
May-2010,138.69,139.87,15543,144.01,146.05,459,155.28,155.91,3524,158.35,159.60,550,167.30,167.48,807,162.51,163.51,574,123.90,124.87,441,123.85,125.52,2930,127.41,128.61,784,133.19,134.09,4477,148.51,151.03,741,127.95,127.94,256
Jun-2010,140.69,140.47,25298,146.93,148.06,629,156.52,156.12,4715,158.83,158.97,522,168.12,167.11,795,164.44,164.46,845,125.79,125.15,921,126.89,126.70,6556,130.05,129.51,1686,134.72,134.61,6784,150.73,151.43,1601,128.34,127.79,244
Jul-2010,141.49,140.37,14520,145.32,145.27,378,155.88,155.36,3010,159.67,157.91,506,168.29,166.53,1076,164.74,164.67,1067,125.87,124.55,560,128.51,126.88,3577,132.10,130.38,1171,135.73,135.41,2465,153.46,153.15,540,128.96,128.78,170
Aug-2010,141.80,140.19,12590,145.41,144.86,336,155.33,154.92,2539,158.73,156.42,477,167.74,165.26,823,165.14,164.94,1044,126.90,124.54,555,129.07,126.50,3417,133.37,130.93,949,136.81,136.38,1909,155.74,155.43,385,129.70,129.66,156
Sep-2010,140.39,139.49,10104,143.63,143.34,290,154.66,154.53,2386,155.25,154.06,337,164.89,163.24,658,165.28,165.36,716,125.82,124.23,395,126.92,125.15,2346,133.17,131.26,682,137.00,137.58,1844,155.87,156.57,326,128.35,128.98,124
Oct-2010,139.71,139.35,9523,142.23,142.58,247,154.70,154.91,2153,153.72,153.61,341,163.70,162.35,571,166.33,166.66,583,125.11,123.91,420,125.78,124.62,2403,132.93,131.73,641,136.47,137.47,1706,157.22,158.16,332,128.68,129.47,126
Nov-2010,139.17,139.47,10747,141.13,142.21,299,155.71,156.20,2526,152.98,153.05,334,162.05,161.81,622,166.77,167.44,661,124.86,124.41,476,125.10,124.88,2672,132.11,131.68,648,134.71,136.33,2010,156.36,158.09,372,127.73,129.10,127
Dec-2010,139.39,140.23,8384,139.07,140.50,210,156.45,157.64,1945,153.48,153.54,275,162.03,162.03,484,165.83,167.70,548,121.89,122.20,337,125.66,125.75,2065,131.07,131.61,528,135.35,137.90,1604,154.95,157.85,310,130.37,132.15,78
Jan-2011,139.86,141.37,7435,140.19,142.06,222,157.75,159.57,2316,152.01,153.54,248,159.86,161.77,388,165.66,168.73,284,121.99,123.27,296,126.37,127.07,1834,130.46,131.27,408,136.43,139.11,1200,156.82,159.69,167,131.10,133.23,72
Feb-2011,140.23,142.46,7080,140.80,142.74,214,158.48,160.89,2110,151.53,153.44,236,158.31,161.15,381,167.31,170.67,257,121.43,124.00,255,126.37,128.15,1569,130.87,132.99,335,138.21,141.06,1422,159.22,161.58,205,131.05,133.57,96
Mar-2011,140.91,143.37,10651,141.02,143.68,261,159.89,162.24,3227,151.05,153.49,464,158.51,161.05,430,169.38,173.24,322,123.89,126.76,396,126.82,129.29,2254,131.01,133.58,529,138.92,141.23,2277,160.22,162.64,313,130.97,132.32,178
Apr-2011,142.22,144.29,11802,141.98,144.56,357,162.57,164.11,3145,151.69,153.85,340,159.46,160.80,556,171.92,174.07,429,124.09,126.23,444,127.70,130.26,2487,132.26,134.36,627,140.25,141.96,2817,160.58,163.59,441,132.55,132.90,159
May-2011,143.98,145.04,15462,143.08,145.46,344,165.24,165.61,3626,152.39,153.43,510,161.17,161.08,707,172.88,173.92,572,125.42,126.48,513,129.80,131.30,3100,132.99,134.26,766,141.68,142.55,4414,161.34,163.91,721,133.07,133.11,189
Jun-2011,146.30,145.94,21166,143.25,144.65,426,168.16,167.39,3895,155.05,155.02,555,162.31,161.06,937,174.19,174.24,802,126.85,126.49,707,132.44,132.16,4531,135.71,134.96,1245,143.30,143.05,6267,164.39,165.18,1568,134.33,133.77,233
Jul-2011,148.14,146.92,15349,143.72,143.29,393,169.70,169.03,3364,158.87,156.93,501,163.38,161.49,938,175.36,175.52,976,128.77,127.47,629,134.86,133.12,4233,137.29,135.50,1237,144.04,143.63,2418,166.21,165.85,530,133.66,133.45,130
Aug-2011,149.46,147.85,15587,143.72,142.97,426,170.77,170.46,3390,160.04,157.53,533,164.30,161.88,966,177.61,177.55,1055,130.00,127.72,682,137.01,134.40,4592,138.58,136.03,1155,144.46,144.08,2229,166.16,165.98,424,133.40,133.39,135
Sep-2011,149.52,148.69,12474,144.04,143.69,326,170.71,171.04,2642,158.73,157.25,466,163.74,162.42,783,178.69,178.83,880,130.66,128.87,518,137.74,135.83,3451,138.53,136.71,892,143.99,144.76,1994,165.48,166.35,399,131.90,132.58,123
Oct-2011,149.46,149.23,11844,141.92,142.32,252,170.15,170.75,2324,156.39,156.09,441,163.49,162.57,737,179.32,179.80,665,130.75,129.53,542,138.81,137.62,3901,137.94,136.92,649,143.86,145.16,1845,165.98,167.18,368,130.68,131.40,120
Nov-2011,149.11,149.61,12347,140.64,141.78,281,169.81,170.73,2296,153.81,153.84,368,163.65,163.67,610,179.23,180.31,700,130.41,130.01,530,138.55,138.41,4137,137.71,137.48,705,144.43,146.36,2229,165.69,167.66,365,131.32,132.73,126
Dec-2011,148.87,149.98,10358,139.51,141.13,229,169.29,170.90,1803,154.88,155.59,358,163.64,163.78,494,180.28,182.60,531,131.28,131.53,432,138.15,138.44,3709,137.04,137.75,526,143.69,146.44,1827,166.18,169.30,383,132.48,134.11,66
Jan-2012,149.02,150.70,8546,140.00,141.75,211,168.84,170.85,1910,154.38,156.10,273,161.79,163.63,433,180.64,183.95,349,131.67,132.68,357,138.91,139.92,3002,137.49,138.21,413,144.06,146.86,1333,165.61,168.62,185,133.42,135.44,80
Feb-2012,148.76,151.01,8112,138.47,140.15,234,168.30,170.44,1790,153.47,155.76,287,160.12,162.96,412,180.96,184.16,299,130.57,132.98,347,138.98,140.89,2564,136.92,138.98,368,144.32,147.27,1504,168.19,170.60,189,134.00,136.59,118
Mar-2012,149.43,151.81,10850,139.94,142.61,266,169.48,171.41,2359,152.41,154.93,342,160.09,162.35,533,180.66,184.39,366,131.29,134.26,447,139.51,142.04,3214,137.02,139.49,565,146.02,148.20,2231,167.86,170.37,387,136.67,138.27,140
Apr-2012,150.61,152.66,11081,139.40,142.14,112,170.57,171.96,1054,154.54,156.76,394,162.42,163.58,735,183.26,185.26,387,131.46,134.04,489,140.66,143.25,3747,137.87,139.94,588,147.18,148.75,2950,166.77,169.77,439,138.85,139.52,186
May-2012,152.34,153.32,17859,139.45,142.15,341,172.46,172.61,2761,157.64,158.25,594,164.72,164.49,962,185.09,186.18,612,132.74,134.20,617,142.68,144.14,4678,138.74,140.00,794,148.06,148.93,5315,167.43,169.75,902,139.45,139.52,283
Jun-2012,154.21,153.80,22005,140.40,141.96,343,173.33,172.49,2942,160.36,160.01,657,166.78,165.32,887,187.84,187.96,776,133.69,133.55,828,145.03,144.76,6122,141.14,140.30,1117,149.66,149.33,6505,169.71,170.36,1656,140.73,140.14,172
Jul-2012,155.28,154.03,18637,143.15,142.36,500,172.44,171.81,3738,160.68,158.87,643,167.40,165.34,1175,188.40,188.83,1052,136.41,135.06,808,147.32,145.47,6026,141.95,140.27,1261,150.19,149.75,2708,173.16,172.78,546,140.92,140.69,180
Aug-2012,155.52,154.00,16894,142.11,141.21,387,170.31,170.34,2344,161.40,159.10,640,168.57,166.23,1090,189.14,189.21,1038,139.17,136.82,881,148.39,145.68,6277,143.07,140.44,1217,150.39,150.22,2394,172.10,172.11,487,141.66,141.77,139
Sep-2012,154.97,154.16,11135,140.28,139.78,260,168.28,168.93,2172,162.22,160.63,471,167.33,166.31,700,189.95,190.04,899,139.63,137.58,480,148.55,146.40,3538,141.94,140.25,574,149.49,150.46,1646,171.73,172.80,264,142.42,143.03,131
Oct-2012,154.59,154.38,11221,139.49,139.78,274,168.46,169.06,1880,161.90,161.17,444,167.81,167.11,761,189.94,190.45,750,140.18,138.77,491,147.72,146.52,3677,141.41,140.55,594,149.07,150.57,1891,170.25,171.79,353,142.26,142.77,106
Nov-2012,154.02,154.59,11433,138.20,139.24,240,167.51,168.56,2007,162.61,162.41,388,166.28,166.57,640,188.60,190.03,561,139.75,139.14,582,147.33,147.20,3743,140.75,140.61,700,148.45,150.59,2032,170.14,172.30,439,140.92,142.37,101
Dec-2012,153.45,154.69,8528,139.51,141.28,219,165.89,167.73,1780,161.17,162.41,323,166.16,166.52,458,187.32,189.84,505,141.01,141.20,340,146.84,147.23,2745,140.57,141.17,399,148.06,150.76,1500,173.11,176.17,218,139.88,141.30,41
Jan-2013,153.00,154.70,7245,141.51,143.25,125,164.55,166.53,1244,161.01,163.04,294,164.95,166.58,429,186.76,190.14,427,139.47,140.38,329,146.29,147.40,2599,141.23,141.85,358,147.80,150.48,1216,175.53,178.56,163,142.24,144.18,61
Feb-2013,152.72,154.87,6573,139.48,141.08,143,165.72,167.23,1172,159.02,161.47,257,164.37,166.99,406,188.19,191.47,232,139.00,141.17,304,145.84,147.82,2161,140.15,142.11,295,147.24,150.14,1318,177.04,179.65,196,142.42,145.31,89
Mar-2013,153.31,155.58,8365,135.04,137.75,166,166.98,168.41,1473,161.12,163.60,269,166.00,167.97,526,188.74,192.31,319,137.71,140.96,399,146.09,148.62,2701,140.23,142.61,427,148.27,150.31,1695,177.83,180.66,281,142.88,144.87,109
Apr-2013,153.68,155.78,11647,134.84,137.80,249,165.63,166.96,2312,163.06,165.18,425,168.19,169.10,650,191.27,193.08,428,138.51,141.67,512,146.67,149.35,3416,139.99,142.17,572,149.04,150.60,2505,177.01,180.17,413,142.68,143.83,165
May-2013,155.39,156.44,16279,133.76,136.77,281,166.87,167.11,2230,166.84,167.34,569,171.32,171.08,742,193.63,194.62,626,140.48,142.49,603,148.20,149.72,4428,141.48,142.76,852,150.90,151.80,4851,178.34,180.45,912,142.65,142.88,185
Jun-2013,157.00,156.73,18725,133.96,135.50,331,168.42,167.92,2644,169.21,168.77,655,171.79,170.34,977,195.23,195.66,467,142.99,142.99,723,150.30,150.14,5040,142.71,141.94,929,151.80,151.51,5524,179.19,179.64,1271,143.90,143.26,164
Jul-2013,158.16,157.02,17780,137.41,136.28,484,168.92,168.47,3416,170.12,168.80,549,173.18,171.22,1069,194.47,195.26,1139,145.58,143.93,759,152.30,150.51,5890,143.20,141.65,1163,151.83,151.42,2652,179.70,179.29,529,143.01,142.82,130
Aug-2013,159.12,157.68,17169,138.49,137.40,428,170.18,170.41,3037,171.89,169.83,631,172.88,170.80,1142,194.07,194.21,835,146.78,144.22,850,154.10,151.29,6413,143.47,140.87,1148,151.44,151.54,2201,178.16,178.38,417,140.74,140.88,67
Sep-2013,159.12,158.22,14263,139.51,138.91,364,171.11,171.67,3303,171.23,169.62,643,171.91,171.12,869,193.83,193.89,1144,147.81,145.44,508,154.07,151.66,4337,143.41,141.71,997,150.69,151.82,1740,177.41,178.64,281,139.85,140.17,77
Oct-2013,159.34,159.01,11829,138.73,138.89,241,173.00,173.46,1832,172.69,171.37,568,171.45,170.87,914,193.69,194.21,681,146.66,145.08,535,153.76,152.40,4127,142.65,141.83,636,150.48,152.08,1903,176.71,178.58,283,141.28,141.56,109
Nov-2013,159.21,159.74,12326,136.22,137.08,300,174.04,175.15,2556,172.23,171.80,439,171.19,171.60,701,193.82,195.27,637,147.03,146.22,605,153.50,153.29,4155,142.39,142.15,592,149.65,151.82,1909,176.42,178.69,327,142.07,143.37,105
Dec-2013,159.29,160.56,10212,133.92,135.58,251,175.03,177.16,2360,171.67,173.10,417,172.16,172.67,568,193.66,196.14,509,146.17,146.46,418,154.05,154.46,3432,141.98,142.31,412,148.71,151.15,1532,175.64,178.53,258,140.43,141.58,55
Jan-2014,160.33,162.03,9171,133.48,135.16,143,176.94,178.95,1604,172.42,174.61,432,172.23,173.62,488,193.96,197.26,403,146.63,147.55,421,154.80,156.02,3016,141.99,142.57,916,151.32,153.83,1489,175.39,178.09,214,138.06,139.69,45
Feb-2014,160.83,162.98,7544,134.70,136.26,197,178.47,179.83,1734,174.34,176.90,262,173.18,175.35,334,194.84,198.29,220,145.97,148.16,285,154.67,156.78,2316,140.84,142.83,559,152.41,155.20,1382,173.35,176.11,218,135.69,138.51,37
Mar-2014,161.23,163.55,9915,135.27,138.23,217,179.62,180.87,2359,176.72,179.05,446,173.82,175.54,559,195.23,198.73,382,144.92,148.47,373,154.63,157.40,2765,138.97,141.36,690,152.79,154.85,1786,173.40,176.42,281,136.83,139.16,57
Apr-2014,162.07,164.39,11661,133.88,137.23,236,180.52,182.18,2141,179.39,181.36,326,174.88,175.59,595,196.00,197.73,344,145.92,149.62,459,155.15,158.13,3494,140.25,142.63,859,153.40,155.10,2659,175.03,178.24,436,137.75,139.41,112
May-2014,163.33,164.57,17234,133.79,137.07,320,180.47,180.98,2600,181.29,181.86,579,175.85,175.70,1073,195.51,196.67,253,148.80,151.18,669,157.16,158.91,4545,141.19,142.50,1278,153.93,154.92,4809,178.92,180.79,981,142.07,142.49,127
Jun-2014,164.58,164.45,22610,136.17,137.70,464,178.75,178.59,3899,182.89,182.66,442,177.82,176.61,1069,194.42,195.37,486,153.39,153.29,837,159.43,159.28,5954,143.71,143.10,1696,155.28,155.26,6189,180.23,180.51,1378,140.36,139.61,196
Jul-2014,166.23,165.07,20346,140.90,139.56,497,179.16,178.60,3462,183.99,183.29,875,179.59,178.02,1445,194.21,195.24,1275,155.87,153.84,873,162.35,160.36,6498,144.59,143.06,1833,155.75,155.45,2817,180.63,180.20,577,141.36,141.22,194
Aug-2014,167.52,166.04,20153,141.38,140.11,574,180.63,180.94,4454,185.41,183.90,583,180.59,178.73,1194,197.78,197.89,1115,156.61,153.62,937,164.37,161.25,6771,145.91,143.27,1729,155.11,155.38,2169,181.61,182.05,408,142.04,142.19,219
Sep-2014,168.11,166.96,14094,138.84,138.03,372,182.20,182.28,2844,187.42,185.88,544,180.60,179.97,1166,198.81,198.81,752,156.05,153.50,668,165.48,162.62,4935,144.78,142.96,990,154.14,155.33,1455,181.36,182.78,243,143.01,143.19,125
Oct-2014,168.33,167.79,14362,138.62,138.59,344,184.31,184.48,2835,188.35,186.62,540,179.83,179.18,896,198.04,198.31,1026,157.38,155.54,653,165.08,163.49,5007,143.71,142.71,1049,154.15,155.76,1595,179.42,181.40,294,141.82,141.94,123
Nov-2014,168.06,168.50,13407,138.19,138.86,454,184.36,185.51,3883,188.02,187.20,360,181.77,182.11,770,196.75,197.89,726,157.39,156.43,590,164.63,164.39,4122,143.32,142.93,836,153.92,155.98,1352,176.31,178.37,210,139.57,140.61,104
Dec-2014,167.96,169.29,10655,138.17,139.79,247,183.71,186.24,1966,185.99,187.18,360,182.17,182.61,657,196.66,198.97,482,157.61,158.21,493,165.20,165.77,4066,143.06,143.18,743,154.08,156.32,1342,176.39,178.89,221,136.94,137.67,78
Jan-2015,168.62,170.40,8397,139.41,141.27,201,185.94,188.07,1784,184.68,186.66,313,182.74,183.69,483,194.74,197.89,396,157.15,158.46,437,166.18,167.68,3201,142.09,142.77,526,154.15,156.51,883,177.68,180.12,109,137.60,138.99,64
Feb-2015,168.82,171.09,7683,140.04,141.86,193,188.66,190.08,2105,184.10,186.49,228,181.24,183.03,453,192.88,196.56,234,157.60,160.20,357,165.99,168.50,2500,139.97,142.03,484,154.07,156.65,938,177.89,181.06,141,136.72,139.56,50
Mar-2015,169.18,171.72,9891,139.70,143.04,250,189.14,190.50,2638,184.45,186.55,242,181.93,183.68,572,193.33,196.87,288,157.07,160.93,406,166.42,169.65,3186,139.30,141.75,607,154.63,156.78,1392,178.37,181.88,219,138.36,141.17,91
Apr-2015,169.35,171.95,11514,139.47,143.30,290,189.20,191.33,2507,184.85,186.73,271,183.11,183.94,529,197.00,198.77,345,156.99,161.03,492,166.44,169.77,3812,138.88,141.46,812,154.54,156.45,2043,178.60,181.91,315,139.39,141.54,98
May-2015,170.74,172.16,16243,140.19,143.71,433,191.58,192.51,3560,178.84,179.70,326,184.28,184.38,642,197.39,198.79,598,157.97,160.42,623,169.10,170.91,4809,140.37,141.75,1139,155.97,157.10,3299,180.90,182.74,696,142.62,143.37,118
Jun-2015,172.98,172.90,23164,143.87,145.30,554,193.90,193.99,4969,183.23,183.40,454,184.27,183.35,886,196.80,198.19,249,161.85,161.51,969,171.86,171.39,6989,142.31,141.99,1771,156.75,157.15,4914,181.18,181.43,1261,142.05,141.24,148
Jul-2015,175.10,173.75,21028,146.36,144.92,623,196.94,195.99,4720,179.75,179.55,542,182.93,181.85,1150,195.89,196.99,605,166.27,163.78,1060,175.91,173.37,7511,145.15,143.56,1968,157.60,157.52,2302,181.42,181.06,408,140.56,140.40,139
Aug-2015,176.88,175.16,19764,145.89,144.45,728,198.08,198.12,5392,186.70,185.67,546,182.02,180.29,1007,197.08,197.02,792,170.33,166.68,1000,178.75,175.05,6855,145.08,142.44,1463,156.99,157.34,1657,180.26,180.77,261,140.05,140.07,63
Sep-2015,177.91,176.43,15086,147.08,146.13,436,201.20,200.41,3395,187.98,186.67,488,182.04,181.27,992,194.32,194.35,623,172.53,169.54,709,179.79,176.58,5522,144.81,142.76,1109,156.52,157.57,1527,177.63,179.06,245,142.71,142.74,40
Oct-2015,178.21,177.55,14647,147.55,147.40,391,202.42,202.39,3471,186.51,184.85,366,182.33,181.55,808,198.09,198.19,729,172.08,170.19,699,180.35,178.63,5130,144.07,142.75,1132,156.13,157.68,1617,178.65,180.63,262,140.30,140.44,42
Nov-2015,178.68,179.13,15066,150.15,150.71,519,205.15,206.64,4685,184.20,183.12,313,180.77,180.89,672,197.48,198.17,537,172.52,171.67,665,180.53,180.45,4834,143.45,142.93,978,156.93,158.70,1595,179.30,181.08,237,138.32,139.15,31
Dec-2015,178.79,180.28,10976,150.17,151.75,271,207.40,210.40,2089,181.10,181.80,305,180.21,180.37,485,194.55,196.71,605,171.51,172.73,553,180.82,181.85,4299,142.59,142.61,750,156.57,158.53,1375,180.95,183.27,220,140.45,141.01,24
Jan-2016,178.78,180.72,10315,151.25,153.36,271,209.17,211.63,3040,179.79,181.16,320,179.24,179.82,537,195.16,197.97,627,173.30,175.13,428,180.51,182.55,3436,141.60,142.43,566,155.68,157.86,944,179.60,181.78,130,140.31,141.50,16
Feb-2016,179.90,182.46,9151,152.62,154.93,305,215.95,218.07,2788,178.09,180.15,183,179.40,180.81,351,195.45,199.23,301,172.64,175.92,405,180.93,183.98,2997,140.71,142.80,561,154.94,157.35,1109,178.61,182.06,136,136.25,138.85,15
Mar-2016,181.39,184.27,11459,151.51,155.38,338,221.89,223.72,2902,177.62,179.60,683,180.96,182.85,685,195.60,199.16,283,173.62,177.80,469,181.47,185.22,3706,141.34,143.93,702,155.97,158.29,1474,177.77,181.50,196,132.04,135.11,21
Apr-2016,183.59,186.49,14664,152.29,156.67,424,226.68,229.52,3736,177.96,179.72,829,180.78,182.05,839,197.11,199.46,384,175.30,179.52,568,183.93,187.44,4388,141.94,144.80,911,157.41,159.53,2155,177.86,181.20,380,134.78,137.18,50
May-2016,186.55,188.08,19886,155.28,158.97,731,233.17,234.53,5192,178.44,179.46,938,181.20,181.74,916,197.47,199.36,381,179.79,182.13,713,186.99,188.58,5693,143.90,145.45,1088,158.32,159.80,3539,180.07,181.95,610,135.96,136.94,85
Jun-2016,190.59,190.37,24916,161.79,163.03,703,239.22,239.38,4829,178.82,179.19,1153,180.69,180.07,1153,200.13,201.95,262,184.12,183.21,938,193.15,191.98,7505,145.25,145.20,1805,158.99,159.85,5162,182.28,182.66,1246,141.03,140.23,160
Jul-2016,194.41,192.67,22154,167.88,166.43,836,244.81,243.21,5380,178.71,178.66,1176,180.67,179.80,1207,203.41,204.34,714,188.54,185.50,966,199.22,195.82,7506,146.55,144.87,1886,159.91,160.18,2012,183.19,182.95,347,140.48,140.27,124
Aug-2016,197.55,195.52,23976,171.49,169.91,890,249.09,248.84,5671,178.33,177.84,1311,181.40,179.67,1520,203.15,202.97,1377,192.40,188.04,1033,204.83,200.43,8272,147.49,144.76,1784,160.47,160.78,1714,180.81,181.38,295,141.53,141.33,109
Sep-2016,199.26,197.38,19591,173.44,172.29,676,249.53,247.89,3577,178.82,177.77,1205,180.76,179.57,1244,203.30,203.12,924,195.10,191.76,802,209.28,205.65,7922,147.25,144.94,1358,160.15,160.91,1554,179.78,181.31,273,141.47,141.48,56
Oct-2016,199.89,199.16,15461,174.00,173.78,532,248.01,247.75,3198,179.78,178.51,987,180.68,179.71,1011,204.03,203.96,623,197.91,196.04,620,211.71,210.03,5797,147.35,145.69,983,159.30,160.65,1470,179.34,181.28,208,141.12,141.32,32
Nov-2016,200.10,200.74,15899,174.64,175.12,471,244.71,246.73,2621,180.99,179.76,1150,180.34,180.17,1015,203.54,203.97,562,200.66,200.09,715,213.95,214.31,6289,146.14,145.62,1074,158.84,160.38,1708,179.54,180.92,227,141.93,142.78,67
Dec-2016,200.69,202.52,12602,176.78,178.46,372,242.64,246.28,2162,182.14,182.37,554,180.47,180.47,554,201.11,203.14,550,201.47,203.34,577,216.53,218.40,5307,145.58,145.46,825,158.63,160.36,1419,179.74,181.64,244,142.51,142.96,38
Jan-2017,201.59,203.86,11425,177.11,179.67,321,243.39,246.33,1807,182.25,183.11,1005,180.22,180.55,876,199.78,202.28,448,203.73,206.30,491,218.30,221.16,4779,144.92,145.75,596,159.29,161.26,922,181.12,183.22,118,142.50,143.65,62
Feb-2017,203.55,206.57,11281,176.95,180.06,355,246.86,249.53,2120,179.87,181.68,864,179.28,180.61,644,198.77,202.57,354,206.66,210.94,622,222.46,226.44,4467,145.46,147.53,519,159.49,161.82,1082,180.43,184.11,171,139.82,142.23,83
Mar-2017,205.39,208.77,12797,178.78,183.41,328,248.97,251.20,2139,179.42,181.51,1006,175.98,178.00,752,199.99,203.68,298,211.02,215.97,633,226.47,231.11,4859,145.40,148.33,836,160.30,162.80,1645,177.20,181.02,204,137.43,140.86,97
Apr-2017,207.82,211.08,12772,181.48,186.65,375,248.68,251.74,2238,179.90,181.81,948,176.21,177.95,684,201.90,205.17,273,215.39,220.03,618,232.38,236.34,4497,145.29,148.48,792,161.21,163.63,1958,174.94,178.24,273,139.38,141.98,116
May-2017,212.22,213.75,20728,185.94,189.91,570,252.30,253.71,3766,180.73,181.85,1595,177.29,178.33,1197,202.79,205.17,465,222.03,224.29,950,240.71,241.88,6487,146.48,148.26,1256,162.16,164.17,3638,176.90,178.92,654,141.27,142.60,150
Jun-2017,217.57,217.00,25527,189.98,191.03,591,258.52,258.59,3876,181.25,181.74,1759,180.46,180.00,1274,202.23,204.38,379,231.19,229.41,1103,249.66,247.34,7943,148.23,148.41,2069,163.37,164.60,5293,180.56,181.23,1069,143.63,142.81,171
Jul-2017,221.68,219.45,23791,195.30,193.95,822,265.77,264.15,5511,182.01,181.95,1806,181.51,180.55,1351,203.70,204.42,810,236.07,232.13,1088,254.93,250.12,7384,151.14,149.34,1992,164.80,165.42,2404,181.89,181.83,392,142.12,141.73,231
Aug-2017,223.07,220.64,22095,198.88,197.28,654,272.18,271.86,4004,182.19,181.80,1750,182.99,181.20,1409,206.42,206.04,713,237.51,232.12,1135,253.84,248.46,7716,152.98,150.01,2060,165.54,165.83,2117,181.15,181.80,278,142.52,141.97,259
Sep-2017,221.49,219.46,17345,198.97,197.92,578,275.85,274.24,3819,183.44,182.44,1541,183.32,181.60,1178,205.74,205.15,855,233.10,229.27,730,247.04,243.34,5230,153.37,150.63,1341,166.21,166.64,1671,181.29,182.70,236,141.97,141.88,166
Oct-2017,219.22,218.67,15311,199.12,198.92,416,277.75,277.73,3150,182.99,182.01,1308,182.06,181.02,996,204.21,204.09,702,228.98,227.48,684,240.15,238.91,4735,152.94,150.98,1199,166.30,167.38,1738,181.99,183.95,232,143.75,144.06,151
Nov-2017,218.08,218.98,15772,199.10,199.63,431,277.85,280.23,3259,184.28,183.06,1415,180.70,180.32,1161,205.23,205.64,463,225.28,225.23,712,236.73,237.71,4998,151.83,151.27,1125,167.12,168.50,1804,183.59,184.59,228,144.90,145.84,176
Dec-2017,218.59,220.63,13642,197.06,198.62,364,281.40,285.24,2876,183.10,183.06,970,180.87,180.83,720,209.19,211.07,399,224.19,226.50,600,236.07,238.60,4933,152.58,152.28,932,167.77,169.36,1520,182.56,184.24,218,147.62,148.30,110
Jan-2018,219.19,221.65,12502,198.96,201.83,433,284.64,287.94,3059,182.48,183.13,1146,180.27,180.53,881,206.88,209.12,272,223.63,226.46,603,236.57,239.83,4223,151.94,152.79,604,167.94,169.85,1071,178.95,181.01,113,146.12,147.55,97
Feb-2018,218.90,222.10,9675,199.04,202.85,268,285.83,289.07,2100,180.97,182.74,859,178.79,180.16,647,204.77,208.39,210,224.08,228.67,452,236.22,240.34,3214,150.84,153.12,557,167.44,169.72,1162,176.32,179.96,131,147.29,149.67,75
Mar-2018,218.96,222.43,11602,201.07,206.32,316,287.39,289.90,2129,180.17,182.35,875,176.41,178.41,785,205.85,209.77,481,223.42,228.49,498,236.22,240.65,3654,149.76,153.27,804,167.15,169.95,1709,176.54,180.25,234,145.79,149.59,117
Apr-2018,219.49,222.48,12656,201.44,206.81,342,288.19,290.98,2187,180.17,182.07,926,176.88,178.80,716,204.29,208.57,304,225.11,229.23,619,236.78,239.95,4001,149.62,153.09,911,167.54,170.25,2182,179.10,182.47,339,146.70,149.32,129
May-2018,221.73,223.04,17518,205.05,208.88,459,291.20,292.33,2848,180.84,181.96,1197,178.19,179.54,1106,206.95,209.99,448,226.03,227.61,684,239.90,240.34,4714,152.23,154.13,1404,168.06,170.64,3803,180.19,182.43,683,146.75,148.15,172
Jun-2018,223.82,223.10,22712,207.73,208.56,445,292.84,292.69,2699,181.84,182.31,1560,180.87,180.66,1522,204.89,207.16,405,230.16,228.08,931,242.67,240.00,6068,155.24,155.39,2050,169.24,170.73,5540,181.83,182.89,1241,148.20,147.29,251
Jul-2018,225.57,223.62,19911,208.53,207.50,604,294.03,292.89,3534,181.81,181.63,1314,182.07,181.03,1060,208.83,209.21,566,232.61,229.10,930,244.70,240.30,6413,158.81,156.92,2276,171.41,172.39,2570,182.91,183.13,400,149.97,149.28,244
Aug-2018,226.12,223.98,20634,208.77,207.42,483,292.98,293.00,2616,181.33,180.88,1806,182.36,180.72,1638,209.10,208.64,957,235.86,230.98,1093,245.37,240.66,6808,160.99,157.75,2323,173.43,173.69,2283,183.74,184.49,329,149.11,148.11,298
Sep-2018,226.23,224.58,15072,209.84,209.15,517,293.02,292.43,2954,181.08,180.13,1303,182.41,180.45,1149,211.50,210.37,816,236.35,233.01,625,245.12,242.13,4569,161.23,158.08,1225,174.27,174.40,1539,182.64,183.85,204,148.75,148.59,171
Oct-2018,225.38,225.02,14077,209.57,209.47,345,290.60,291.07,1930,180.46,179.64,1072,181.09,180.00,1025,211.07,210.70,768,235.28,234.18,685,244.67,243.87,4703,160.54,158.23,1177,174.65,175.36,1938,180.88,182.70,261,147.21,147.59,173
Nov-2018,224.74,225.64,16309,209.57,210.17,317,288.76,290.88,1976,179.30,178.31,1289,180.00,179.31,1139,209.95,210.41,781,235.11,235.33,896,244.43,245.65,5727,159.88,159.12,1445,174.45,175.68,2271,183.01,183.66,317,147.35,148.46,151
Dec-2018,224.07,226.02,11369,208.79,210.27,377,285.36,288.84,1953,178.27,178.13,786,177.48,177.45,601,208.16,209.79,487,234.06,236.33,567,244.85,247.41,3901,161.54,161.09,900,175.10,176.64,1495,182.30,183.67,189,147.56,148.60,113
Jan-2019,223.96,226.50,10306,208.77,211.78,265,284.58,287.84,1546,177.43,178.17,922,176.00,176.25,803,208.27,210.63,393,233.96,236.60,505,245.16,248.58,3853,161.00,162.01,682,175.43,177.40,1119,184.58,186.83,135,148.66,150.77,83
Feb-2019,223.00,226.31,8462,204.68,208.74,199,282.65,285.76,1341,176.06,177.85,666,175.89,177.35,631,207.46,211.04,249,230.79,235.47,412,244.62,248.92,2850,159.94,162.85,576,176.07,178.43,1319,182.45,186.29,153,149.04,151.55,66
Mar-2019,222.30,225.75,10059,202.44,207.60,218,281.35,283.60,1384,175.14,177.23,898,176.56,178.40,784,206.83,211.29,289,230.58,235.51,495,243.91,248.17,3203,157.55,161.93,712,176.28,179.44,1731,183.38,187.14,240,150.19,154.14,105
Apr-2019,222.22,224.82,13023,202.77,207.60,314,280.09,281.95,1982,174.57,176.34,865,176.66,178.45,661,202.68,207.38,558,232.44,236.18,621,244.56,247.02,4038,158.91,162.74,1067,176.01,179.11,2418,182.65,186.06,358,148.50,150.80,141
May-2019,223.26,224.30,18910,204.17,207.54,463,279.40,280.01,2661,175.12,176.16,1028,176.16,177.53,912,203.77,207.14,558,237.47,238.44,874,246.21,246.08,5389,161.58,163.41,1661,176.89,179.91,4225,184.06,186.52,927,149.84,151.11,212
Jun-2019,224.96,224.05,22015,208.39,209.01,428,278.61,278.07,2233,175.02,175.51,1281,176.21,176.29,1250,204.00,206.08,504,241.32,238.94,1031,249.49,246.46,6332,165.07,164.90,1996,178.34,179.97,5543,184.54,185.93,1142,152.15,151.08,275
Jul-2019,226.57,224.80,21881,209.73,209.08,540,275.70,275.18,2229,176.24,175.89,1802,177.01,176.13,1511,209.87,209.91,873,244.52,241.20,1098,252.63,248.38,7615,168.39,166.26,2366,181.36,182.44,3017,184.67,185.24,473,154.58,153.51,357
Aug-2019,227.51,225.48,21201,210.22,209.20,508,273.56,273.79,2393,177.23,176.48,1503,176.78,175.41,1448,211.37,210.55,748,246.29,241.70,1190,254.66,250.23,7854,171.26,167.56,2407,183.40,183.62,2419,183.91,184.67,418,157.36,155.89,313
Sep-2019,227.72,226.43,16710,209.66,209.48,482,272.21,272.83,2556,177.59,176.61,1298,176.74,174.89,1103,212.59,211.08,846,246.53,243.76,825,255.01,252.50,5662,172.66,168.95,1481,185.21,185.04,1974,182.56,183.43,282,157.40,157.03,201
Oct-2019,227.60,227.42,16973,211.07,211.15,400,272.67,273.66,2679,177.40,176.66,1219,174.99,173.89,1074,211.69,211.16,698,245.94,245.13,855,254.61,254.13,5945,172.94,170.19,1448,185.07,185.56,2151,182.70,184.46,284,159.42,159.89,220
Nov-2019,227.96,228.83,18468,211.11,211.81,513,273.78,275.55,3806,177.69,176.94,1159,175.20,174.33,1052,210.39,210.95,708,246.90,247.42,902,254.70,255.97,5906,172.89,171.86,1504,185.56,186.73,2410,184.61,185.08,343,157.30,158.66,165
Dec-2019,228.44,230.33,13574,211.15,212.48,311,273.81,276.87,2066,176.60,176.52,892,174.84,174.71,765,210.28,211.88,355,247.95,250.46,642,255.82,258.37,4881,173.46,173.18,1127,186.25,187.83,2081,185.01,186.28,291,158.41,160.14,163
Jan-2020,228.60,231.40,11740,209.36,212.27,228,274.33,277.65,1665,174.61,175.64,1002,175.04,175.27,727,208.87,211.61,399,250.01,252.50,631,256.23,260.01,4540,173.70,175.30,839,187.17,189.38,1440,182.39,184.76,170,158.21,161.24,99
Feb-2020,229.41,233.06,10446,209.70,213.86,267,276.58,279.68,2435,173.07,175.03,714,172.69,174.08,624,208.98,212.80,367,249.19,254.06,463,257.21,262.04,3183,173.81,177.82,692,189.27,192.00,1433,181.57,185.38,188,159.53,162.50,80
Mar-2020,230.83,234.43,12240,209.74,215.00,260,279.41,281.54,2059,172.84,174.88,952,171.72,173.31,763,207.37,212.48,370,250.18,254.99,545,259.43,263.78,3895,175.77,181.25,857,189.58,193.30,2120,182.16,185.71,285,159.71,163.94,134
Apr-2020,233.94,236.15,13720,212.18,216.64,299,281.11,282.13,2108,173.18,174.76,1121,171.75,173.28,923,209.24,214.15,406,253.04,256.43,640,264.58,266.29,4319,179.95,184.22,1007,192.74,196.27,2349,182.65,186.11,409,162.63,164.70,139
May-2020,236.55,237.32,14709,211.14,214.40,344,281.23,281.35,2442,172.92,173.92,782,173.22,174.54,666,210.66,214.04,396,257.08,257.58,739,270.13,269.51,4203,183.82,185.35,1144,194.04,197.32,3011,183.72,186.25,812,165.56,166.50,170
Jun-2020,238.19,236.90,16700,212.86,213.26,293,281.75,280.76,1675,172.76,173.10,824,171.95,172.29,712,214.45,216.17,395,261.52,258.69,750,272.16,268.40,4514,186.55,185.75,1598,196.67,198.39,4327,184.59,186.19,1421,170.05,168.67,191
Jul-2020,239.01,237.32,17517,212.31,211.90,429,281.67,281.49,2707,172.93,172.30,1025,172.43,171.78,989,216.76,216.55,806,262.82,259.88,853,272.98,268.81,4783,188.80,186.26,1880,198.25,199.33,3043,187.25,188.13,732,171.80,170.33,270
Aug-2020,240.43,238.37,20920,217.19,216.45,534,282.34,282.58,2778,172.88,171.95,1665,172.59,171.50,1665,218.24,217.12,1222,267.02,262.50,1056,273.31,268.94,6566,192.92,188.54,2022,201.99,202.14,2650,188.17,188.91,449,174.88,172.87,313
Sep-2020,243.01,241.92,21533,217.82,218.09,637,284.07,285.47,3278,173.03,172.11,1263,175.31,173.68,1167,219.21,217.54,973,272.17,269.87,1169,276.11,273.83,7267,197.31,192.89,1895,205.76,205.39,3052,192.38,193.10,525,176.57,175.96,307
Oct-2020,246.09,245.97,25050,221.63,221.95,746,288.26,289.61,4454,173.24,172.56,1666,176.28,175.01,1547,220.20,219.55,974,277.95,277.12,1293,278.82,278.46,8391,202.57,199.12,2059,209.46,209.85,3005,194.21,195.95,596,179.15,179.69,319
Nov-2020,248.39,249.29,21662,224.10,224.87,567,291.05,292.88,3631,173.66,173.16,1245,176.95,175.87,1042,221.46,222.06,749,283.13,283.80,1165,280.99,282.23,7710,205.25,203.90,1922,212.43,213.75,2851,195.50,195.95,498,182.04,183.93,282
Dec-2020,249.83,251.94,20863,227.11,228.46,693,293.15,296.50,4363,174.01,174.06,1043,177.04,176.78,1038,222.32,224.14,653,285.30,288.47,936,282.08,284.81,6760,207.62,207.63,1673,214.63,216.44,3013,193.35,194.48,484,184.26,186.80,207
Jan-2021,250.50,253.83,16605,228.41,231.51,358,294.39,298.19,2855,173.67,174.94,1591,176.38,176.69,1226,221.32,224.64,482,291.14,293.93,832,281.86,286.35,5967,207.75,210.25,1061,216.73,219.37,1860,193.95,196.66,233,185.01,189.34,140
Feb-2021,251.80,256.15,14011,229.42,233.83,355,296.89,300.30,2852,174.42,176.50,859,176.28,177.56,833,221.22,225.73,350,294.33,300.12,608,283.06,288.93,4951,206.79,212.32,925,217.85,221.38,1910,195.22,199.31,263,189.35,193.27,105
Mar-2021,255.68,259.77,19357,231.80,237.50,517,301.37,303.78,4494,175.95,178.00,1295,176.74,178.21,1120,223.56,229.57,516,302.59,307.82,695,288.37,293.21,6509,209.10,216.11,1124,220.15,224.66,2482,196.99,200.69,449,195.68,200.87,156
Apr-2021,261.74,263.96,21149,238.38,242.91,504,307.50,308.20,4185,178.20,179.72,1305,177.43,178.95,1101,227.73,232.90,655,311.05,314.69,857,297.12,298.44,7430,215.02,220.14,1274,223.43,227.75,2933,199.31,203.17,713,206.16,208.29,192
May-2021,269.07,269.65,24726,243.41,247.09,575,314.62,314.39,4605,180.63,181.67,1497,179.50,180.91,1202,232.66,235.84,763,322.53,322.82,1124,307.13,305.97,8621,225.65,226.99,1519,228.27,231.96,3553,201.77,204.60,1004,215.00,215.80,263
Jun-2021,276.28,274.37,34279,252.23,252.58,881,323.16,321.52,7226,183.12,183.34,1618,181.46,182.00,1406,235.72,237.28,478,334.68,330.55,1584,315.33,310.38,11089,234.76,233.11,2312,234.77,236.68,5376,204.49,206.36,1974,222.43,220.23,335
Jul-2021,281.67,279.62,27317,256.84,256.57,742,329.96,329.83,5065,185.93,184.96,1636,183.57,182.97,1303,239.55,239.30,902,341.80,338.17,1364,320.46,315.57,9745,243.42,239.81,2272,240.60,241.58,3082,206.59,207.72,810,229.14,226.94,396
Aug-2021,284.59,282.12,25063,260.17,259.48,626,332.61,332.70,4407,187.42,186.28,1707,184.71,183.68,1440,242.72,241.18,1355,347.54,341.91,1232,322.64,317.65,8928,248.54,242.62,2088,245.57,245.65,2351,209.24,210.08,548,231.47,228.58,381
Sep-2021,284.96,283.82,22924,261.72,262.36,798,331.49,333.43,5126,187.71,186.73,2082,185.35,183.76,1733,245.06,243.16,1030,348.42,346.06,954,323.86,321.41,6794,247.57,241.84,1606,245.57,244.99,2025,210.15,210.82,458,232.47,231.55,318
Oct-2021,284.84,284.82,19984,263.59,264.10,431,330.07,331.75,2860,188.00,187.34,2237,185.94,184.48,1807,245.02,244.39,1119,351.47,350.54,893,324.17,323.95,6684,244.98,240.75,1394,245.19,245.68,1935,210.55,212.38,403,233.52,234.25,221
Nov-2021,286.04,287.19,20467,266.16,267.13,477,331.51,333.78,3703,188.10,187.71,1906,185.44,184.26,1669,245.00,245.75,802,353.68,354.79,853,326.67,328.15,6848,242.28,240.77,1403,245.26,246.88,2183,211.11,211.59,404,236.25,238.93,219
Dec-2021,288.47,291.09,17831,271.87,273.36,405,334.80,338.84,3315,188.73,188.89,1360,184.64,184.29,1131,244.80,246.97,930,357.83,362.26,726,329.47,332.88,6145,241.56,241.95,1187,248.08,250.16,2039,213.41,214.55,427,240.82,244.51,166
Jan-2022,292.17,296.28,15662,275.99,279.69,263,339.54,344.10,3021,188.76,190.27,1335,185.00,185.36,1189,246.96,250.82,539,365.31,368.94,717,335.71,341.33,5839,240.80,244.17,904,249.31,252.39,1508,212.20,215.27,223,243.66,249.86,124
Feb-2022,296.43,301.81,13107,281.13,286.41,330,345.54,349.59,2800,188.89,191.19,1352,185.44,186.66,1117,248.08,253.53,391,376.48,383.80,444,342.07,349.57,4105,240.32,247.16,732,250.60,254.98,1464,211.37,215.74,260,250.87,256.42,112
Mar-2022,302.75,307.64,15631,284.60,291.61,329,351.82,354.80,2804,189.91,192.09,1713,186.02,187.46,1394,250.06,256.99,430,388.68,394.90,602,352.68,358.52,5076,245.80,254.23,907,252.31,257.58,1911,210.00,213.86,345,263.50,270.57,120
Apr-2022,310.97,313.35,15271,292.13,297.42,299,360.74,361.30,2561,191.57,193.15,1115,184.77,186.37,891,254.82,260.50,473,400.80,404.92,644,363.90,365.08,5358,254.21,260.18,1066,258.95,264.08,2229,214.95,219.16,474,277.96,280.53,161
May-2022,318.21,318.64,18728,299.40,303.93,373,366.07,365.47,2731,193.39,194.55,1384,182.45,183.99,1178,261.86,264.86,757,412.59,412.91,890,374.13,372.44,6256,263.76,264.93,1333,266.13,270.24,2871,220.08,223.21,756,288.04,288.67,199
Jun-2022,322.49,319.92,23044,301.92,302.37,364,369.78,367.62,3510,196.84,196.93,1619,182.57,183.18,1218,265.33,266.89,671,418.85,413.34,1076,377.40,371.03,6888,270.60,268.28,1781,274.56,276.66,4115,225.86,227.97,1455,291.16,287.90,347
Jul-2022,321.63,319.29,23648,303.45,303.22,1052,368.32,368.30,6843,202.69,201.42,1727,184.70,184.09,1284,268.34,268.19,884,414.42,410.34,958,372.54,366.96,5598,272.00,267.80,1752,277.65,278.57,2456,230.62,231.95,746,287.94,285.07,348
